kategoria,kategoria_kod,rodzaj,rodzaj_kod,marka,marka_kod
AGD,AGDXX,Odkurzacz,ODKUR,4SWISS,4SWIS
AGD,AGDXX,Ekspres do kawy,EKSPR,4SWISS,4SWIS
AGD,AGDXX,Robot kuchenny,ROBOT,ADE,ADEXX
AGD,AGDXX,Czajnik elektryczny,CZAJN,Adler,ADLER
AGD,AGDXX,Robot kuchenny,ROBOT,Adler,ADLER
AGD,AGDXX,Blender,BLEND,Adler,ADLER
AGD,AGDXX,Golarka elektryczna,GOLAR,Adler,ADLER
AGD,AGDXX,Lokówka,LOKOW,Adler,ADLER
AGD,AGDXX,Grill elektryczny,GRILL,Adler,ADLER
AGD,AGDXX,Gofrownica,GOFRO,Adler,ADLER
AGD,AGDXX,Frytkownica,FRYTK,Adler,ADLER
AGD,AGDXX,Maszynka do mielenia,MASZY,Adler,ADLER
AGD,AGDXX,Wyciskarka do soku,WYCIS,Adler,ADLER
AGD,AGDXX,Suszarka spożywcza,SUSZ3,Adler,ADLER
AGD,AGDXX,Opiekacz,OPIEK,Adler,ADLER
AGD,AGDXX,Prostownica ,PROST,Adler,ADLER
AGD,AGDXX,Żelazko,ZELAZ,Adler,ADLER
AGD,AGDXX,Mop parowy,MOPPA,Adler,ADLER
AGD,AGDXX,Oczyszczacz powietrza,OCZYS,Adler,ADLER
AGD,AGDXX,Parownice i stacje parowe,PAROW,Adler,ADLER
AGD,AGDXX,Osuszacz powietrza,OSUSZ,Adler,ADLER
AGD,AGDXX,Suszarka do włosów,SUSZ2,Adler,ADLER
AGD,AGDXX,Mikrofalówka,MIKRO,Adler,ADLER
AGD,AGDXX,Ekspres do kawy,EKSPR,Adler,ADLER
AGD,AGDXX,Odkurzacz,ODKUR,Adler,ADLER
AGD,AGDXX,Szczoteczka do zębów,SZCZO,Adler,ADLER
AGD,AGDXX,Waga łazienkowa,WAGAL,Adler,ADLER
AGD,AGDXX,Mikser,MIKSE,Adler,ADLER
AGD,AGDXX,Kuchenka,KUCHE,AEG,AEGXX
AGD,AGDXX,Lodówka,LODOW,AEG,AEGXX
AGD,AGDXX,Płyty grzewcze,PLYTY,AEG,AEGXX
AGD,AGDXX,Żelazko,ZELAZ,AEG,AEGXX
AGD,AGDXX,Parownice i stacje parowe,PAROW,AEG,AEGXX
AGD,AGDXX,Okap kuchenny,OKAPK,AEG,AEGXX
AGD,AGDXX,Mikrofalówka,MIKRO,AEG,AEGXX
AGD,AGDXX,Suszarka do prania,SUSZ1,AEG,AEGXX
AGD,AGDXX,Ekspres do kawy,EKSPR,AEG,AEGXX
AGD,AGDXX,Pralka,PRALK,AEG,AEGXX
AGD,AGDXX,Zmywarka,ZMYWA,AEG,AEGXX
AGD,AGDXX,Piekarnik,PIEKA,AEG,AEGXX
AGD,AGDXX,Odkurzacz,ODKUR,AEG,AEGXX
AGD,AGDXX,Okap kuchenny,OKAPK,Afrelli,AFREL
AGD,AGDXX,Czajnik elektryczny,CZAJN,Aigostar,AIGOS
AGD,AGDXX,Frytkownica,FRYTK,Aigostar,AIGOS
AGD,AGDXX,Wyciskarka do soku,WYCIS,Aigostar,AIGOS
AGD,AGDXX,Opiekacz,OPIEK,Aigostar,AIGOS
AGD,AGDXX,Suszarka do włosów,SUSZ2,Aigostar,AIGOS
AGD,AGDXX,Mikser,MIKSE,Aigostar,AIGOS
AGD,AGDXX,Szczoteczka do zębów,SZCZO,Ailoria,AILOR
AGD,AGDXX,Oczyszczacz powietrza,OCZYS,Airfree,AIRFR
AGD,AGDXX,Nawilżacz powietrza,NAWIL,Airfree,AIRFR
AGD,AGDXX,Nawilżacz powietrza,NAWIL,Airtek,AIRTE
AGD,AGDXX,Płyty grzewcze,PLYTY,Akpo,AKPOX
AGD,AGDXX,Okap kuchenny,OKAPK,Akpo,AKPOX
AGD,AGDXX,Osuszacz powietrza,OSUSZ,Aktobis,AKTOB
AGD,AGDXX,Blender,BLEND,Alessi,ALESS
AGD,AGDXX,Wyciskarka do soku,WYCIS,Alessi,ALESS
AGD,AGDXX,Nawilżacz powietrza,NAWIL,Alfda,ALFDA
AGD,AGDXX,Osuszacz powietrza,OSUSZ,Alpina,ALPIN
AGD,AGDXX,Okap kuchenny,OKAPK,ALVEUS,ALVEU
AGD,AGDXX,Waga łazienkowa,WAGAL,Amazfit,AMAZF
AGD,AGDXX,Robot kuchenny,ROBOT,Ambiano,AMBIA
AGD,AGDXX,Czajnik elektryczny,CZAJN,Amica,AMICA
AGD,AGDXX,Kuchenka,KUCHE,Amica,AMICA
AGD,AGDXX,Lodówka,LODOW,Amica,AMICA
AGD,AGDXX,Robot kuchenny,ROBOT,Amica,AMICA
AGD,AGDXX,Blender,BLEND,Amica,AMICA
AGD,AGDXX,Zamrażarka,ZAMRA,Amica,AMICA
AGD,AGDXX,Grill elektryczny,GRILL,Amica,AMICA
AGD,AGDXX,Frytkownica,FRYTK,Amica,AMICA
AGD,AGDXX,Opiekacz,OPIEK,Amica,AMICA
AGD,AGDXX,Płyty grzewcze,PLYTY,Amica,AMICA
AGD,AGDXX,Oczyszczacz powietrza,OCZYS,Amica,AMICA
AGD,AGDXX,Okap kuchenny,OKAPK,Amica,AMICA
AGD,AGDXX,Mikrofalówka,MIKRO,Amica,AMICA
AGD,AGDXX,Suszarka do prania,SUSZ1,Amica,AMICA
AGD,AGDXX,Ekspres do kawy,EKSPR,Amica,AMICA
AGD,AGDXX,Pralka,PRALK,Amica,AMICA
AGD,AGDXX,Zmywarka,ZMYWA,Amica,AMICA
AGD,AGDXX,Piekarnik,PIEKA,Amica,AMICA
AGD,AGDXX,Odkurzacz,ODKUR,Amica,AMICA
AGD,AGDXX,Toster,TOSTE,Amica,AMICA
AGD,AGDXX,Mikser,MIKSE,Amica,AMICA
AGD,AGDXX,Depilator,DEPIL,Aminzer,AMINZ
AGD,AGDXX,Golarka elektryczna,GOLAR,Andis,ANDIS
AGD,AGDXX,Osuszacz powietrza,OSUSZ,Anslut,ANSLU
AGD,AGDXX,Szczoteczka do zębów,SZCZO,Apagard,APAGA
AGD,AGDXX,Mikser,MIKSE,Aptel,APTEL
AGD,AGDXX,Szczoteczka do zębów,SZCZO,Aquasonic,AQUAS
AGD,AGDXX,Lodówka,LODOW,Arctic,ARCTI
AGD,AGDXX,Pralka,PRALK,Ardo,ARDOX
AGD,AGDXX,Zmywarka,ZMYWA,Ardo,ARDOX
AGD,AGDXX,Piekarnik,PIEKA,Ardo,ARDOX
AGD,AGDXX,Osuszacz powietrza,OSUSZ,Ardor,ARDOR
AGD,AGDXX,Osuszacz powietrza,OSUSZ,Argo,ARGOX
AGD,AGDXX,Lodówka,LODOW,Arhatreya,ARHAT
AGD,AGDXX,Czajnik elektryczny,CZAJN,Ariete,ARIET
AGD,AGDXX,Robot kuchenny,ROBOT,Ariete,ARIET
AGD,AGDXX,Blender,BLEND,Ariete,ARIET
AGD,AGDXX,Grill elektryczny,GRILL,Ariete,ARIET
AGD,AGDXX,Frytkownica,FRYTK,Ariete,ARIET
AGD,AGDXX,Wyciskarka do soku,WYCIS,Ariete,ARIET
AGD,AGDXX,Opiekacz,OPIEK,Ariete,ARIET
AGD,AGDXX,Żelazko,ZELAZ,Ariete,ARIET
AGD,AGDXX,Mop parowy,MOPPA,Ariete,ARIET
AGD,AGDXX,Parownice i stacje parowe,PAROW,Ariete,ARIET
AGD,AGDXX,Odkurzacz,ODKUR,Ariete,ARIET
AGD,AGDXX,Ekspres do kawy,EKSPR,Ariete,ARIET
AGD,AGDXX,Mikser,MIKSE,Ariete,ARIET
AGD,AGDXX,Osuszacz powietrza,OSUSZ,Ariston,ARIST
AGD,AGDXX,Piekarnik,PIEKA,Asko,ASKOX
AGD,AGDXX,Suszarka do prania,SUSZ1,Asko,ASKOX
AGD,AGDXX,Zmywarka,ZMYWA,Asko,ASKOX
AGD,AGDXX,Depilator,DEPIL,BaByliss,BABYL
AGD,AGDXX,Golarka elektryczna,GOLAR,BaByliss,BABYL
AGD,AGDXX,Lokówka,LOKOW,BaByliss,BABYL
AGD,AGDXX,Prostownica ,PROST,BaByliss,BABYL
AGD,AGDXX,Suszarka do włosów,SUSZ2,BaByliss,BABYL
AGD,AGDXX,Robot kuchenny,ROBOT,Babymoov,BABYM
AGD,AGDXX,Blender,BLEND,Bamix,BAMIX
AGD,AGDXX,Maszynka do mielenia,MASZY,Banquet,BANQU
AGD,AGDXX,Odkurzacz,ODKUR,Bassus,BASSU
AGD,AGDXX,Piekarnik,PIEKA,Bauknecht,BAUKN
AGD,AGDXX,Mikrofalówka,MIKRO,Bauknecht,BAUKN
AGD,AGDXX,Robot kuchenny,ROBOT,Béaba,BABAX
AGD,AGDXX,Depilator,DEPIL,Beautifly,BEAUT
AGD,AGDXX,Czajnik elektryczny,CZAJN,Bedee,BEDEE
AGD,AGDXX,Depilator,DEPIL,Bedee,BEDEE
AGD,AGDXX,Golarka elektryczna,GOLAR,Bedee,BEDEE
AGD,AGDXX,Maszynka do mielenia,MASZY,Bedee,BEDEE
AGD,AGDXX,Prostownica ,PROST,Bedee,BEDEE
AGD,AGDXX,Żelazko,ZELAZ,Bedee,BEDEE
AGD,AGDXX,Mop parowy,MOPPA,Bedee,BEDEE
AGD,AGDXX,Osuszacz powietrza,OSUSZ,Bedee,BEDEE
AGD,AGDXX,Pralka,PRALK,Bedee,BEDEE
AGD,AGDXX,Mikser,MIKSE,Bedee,BEDEE
AGD,AGDXX,Ekspres do kawy,EKSPR,BEEM,BEEMX
AGD,AGDXX,Kuchenka,KUCHE,Beko,BEKOX
AGD,AGDXX,Lodówka,LODOW,Beko,BEKOX
AGD,AGDXX,Blender,BLEND,Beko,BEKOX
AGD,AGDXX,Zamrażarka,ZAMRA,Beko,BEKOX
AGD,AGDXX,Płyty grzewcze,PLYTY,Beko,BEKOX
AGD,AGDXX,Żelazko,ZELAZ,Beko,BEKOX
AGD,AGDXX,Parownice i stacje parowe,PAROW,Beko,BEKOX
AGD,AGDXX,Okap kuchenny,OKAPK,Beko,BEKOX
AGD,AGDXX,Mikrofalówka,MIKRO,Beko,BEKOX
AGD,AGDXX,Suszarka do prania,SUSZ1,Beko,BEKOX
AGD,AGDXX,Ekspres do kawy,EKSPR,Beko,BEKOX
AGD,AGDXX,Pralka,PRALK,Beko,BEKOX
AGD,AGDXX,Zmywarka,ZMYWA,Beko,BEKOX
AGD,AGDXX,Piekarnik,PIEKA,Beko,BEKOX
AGD,AGDXX,Odkurzacz,ODKUR,Beko,BEKOX
AGD,AGDXX,Mikser,MIKSE,Beko,BEKOX
AGD,AGDXX,Kuchenka,KUCHE,Belling,BELL2
AGD,AGDXX,Lokówka,LOKOW,Bellissima,BELL1
AGD,AGDXX,Prostownica ,PROST,Bellissima,BELL1
AGD,AGDXX,Żelazko,ZELAZ,Beper,BEPER
AGD,AGDXX,Mikser,MIKSE,Beper,BEPER
AGD,AGDXX,Czajnik elektryczny,CZAJN,Berdsen,BERDS
AGD,AGDXX,Golarka elektryczna,GOLAR,Berdsen,BERDS
AGD,AGDXX,Frytkownica,FRYTK,Berdsen,BERDS
AGD,AGDXX,Maszynka do mielenia,MASZY,Berdsen,BERDS
AGD,AGDXX,Osuszacz powietrza,OSUSZ,Berdsen,BERDS
AGD,AGDXX,Szczoteczka do zębów,SZCZO,Berdsen,BERDS
AGD,AGDXX,Lodówka,LODOW,Berg,BERGX
AGD,AGDXX,Płyty grzewcze,PLYTY,Berg,BERGX
AGD,AGDXX,Piekarnik,PIEKA,Berg,BERGX
AGD,AGDXX,Zmywarka,ZMYWA,Berg,BERGX
AGD,AGDXX,Okap kuchenny,OKAPK,Berg,BERGX
AGD,AGDXX,Czajnik elektryczny,CZAJN,Berlinger Haus,BERLI
AGD,AGDXX,Robot kuchenny,ROBOT,Berlinger Haus,BERLI
AGD,AGDXX,Blender,BLEND,Berlinger Haus,BERLI
AGD,AGDXX,Grill elektryczny,GRILL,Berlinger Haus,BERLI
AGD,AGDXX,Gofrownica,GOFRO,Berlinger Haus,BERLI
AGD,AGDXX,Frytkownica,FRYTK,Berlinger Haus,BERLI
AGD,AGDXX,Wyciskarka do soku,WYCIS,Berlinger Haus,BERLI
AGD,AGDXX,Opiekacz,OPIEK,Berlinger Haus,BERLI
AGD,AGDXX,Waga łazienkowa,WAGAL,Berlinger Haus,BERLI
AGD,AGDXX,Mikser,MIKSE,Berlinger Haus,BERLI
AGD,AGDXX,Okap kuchenny,OKAPK,Bersen,BERSE
AGD,AGDXX,Lokówka,LOKOW,Bestope,BESTO
AGD,AGDXX,Opiekacz,OPIEK,Bestron,BESTR
AGD,AGDXX,Ekspres do kawy,EKSPR,Bestron,BESTR
AGD,AGDXX,Depilator,DEPIL,Beurer,BEURE
AGD,AGDXX,Golarka elektryczna,GOLAR,Beurer,BEURE
AGD,AGDXX,Prostownica ,PROST,Beurer,BEURE
AGD,AGDXX,Oczyszczacz powietrza,OCZYS,Beurer,BEURE
AGD,AGDXX,Nawilżacz powietrza,NAWIL,Beurer,BEURE
AGD,AGDXX,Suszarka do włosów,SUSZ2,Beurer,BEURE
AGD,AGDXX,Waga łazienkowa,WAGAL,Beurer,BEURE
AGD,AGDXX,Ekspres do kawy,EKSPR,Bialetti,BIALE
AGD,AGDXX,Mop parowy,MOPPA,Bissell,BISSE
AGD,AGDXX,Odkurzacz,ODKUR,Bissell,BISSE
AGD,AGDXX,Czajnik elektryczny,CZAJN,Black&Decker,BLAC1
AGD,AGDXX,Robot kuchenny,ROBOT,Black&Decker,BLAC1
AGD,AGDXX,Blender,BLEND,Black&Decker,BLAC1
AGD,AGDXX,Grill elektryczny,GRILL,Black&Decker,BLAC1
AGD,AGDXX,Frytkownica,FRYTK,Black&Decker,BLAC1
AGD,AGDXX,Wyciskarka do soku,WYCIS,Black&Decker,BLAC1
AGD,AGDXX,Opiekacz,OPIEK,Black&Decker,BLAC1
AGD,AGDXX,Żelazko,ZELAZ,Black&Decker,BLAC1
AGD,AGDXX,Mop parowy,MOPPA,Black&Decker,BLAC1
AGD,AGDXX,Oczyszczacz powietrza,OCZYS,Black&Decker,BLAC1
AGD,AGDXX,Parownice i stacje parowe,PAROW,Black&Decker,BLAC1
AGD,AGDXX,Osuszacz powietrza,OSUSZ,Black&Decker,BLAC1
AGD,AGDXX,Odkurzacz,ODKUR,Black&Decker,BLAC1
AGD,AGDXX,Ekspres do kawy,EKSPR,Black&Decker,BLAC1
AGD,AGDXX,Mikser,MIKSE,Black&Decker,BLAC1
AGD,AGDXX,Czajnik elektryczny,CZAJN,Blaupunkt,BLAUP
AGD,AGDXX,Robot kuchenny,ROBOT,Blaupunkt,BLAUP
AGD,AGDXX,Blender,BLEND,Blaupunkt,BLAUP
AGD,AGDXX,Golarka elektryczna,GOLAR,Blaupunkt,BLAUP
AGD,AGDXX,Lokówka,LOKOW,Blaupunkt,BLAUP
AGD,AGDXX,Grill elektryczny,GRILL,Blaupunkt,BLAUP
AGD,AGDXX,Frytkownica,FRYTK,Blaupunkt,BLAUP
AGD,AGDXX,Maszynka do mielenia,MASZY,Blaupunkt,BLAUP
AGD,AGDXX,Wyciskarka do soku,WYCIS,Blaupunkt,BLAUP
AGD,AGDXX,Opiekacz,OPIEK,Blaupunkt,BLAUP
AGD,AGDXX,Prostownica ,PROST,Blaupunkt,BLAUP
AGD,AGDXX,Żelazko,ZELAZ,Blaupunkt,BLAUP
AGD,AGDXX,Oczyszczacz powietrza,OCZYS,Blaupunkt,BLAUP
AGD,AGDXX,Parownice i stacje parowe,PAROW,Blaupunkt,BLAUP
AGD,AGDXX,Osuszacz powietrza,OSUSZ,Blaupunkt,BLAUP
AGD,AGDXX,Nawilżacz powietrza,NAWIL,Blaupunkt,BLAUP
AGD,AGDXX,Suszarka do włosów,SUSZ2,Blaupunkt,BLAUP
AGD,AGDXX,Ekspres do kawy,EKSPR,Blaupunkt,BLAUP
AGD,AGDXX,Odkurzacz,ODKUR,Blaupunkt,BLAUP
AGD,AGDXX,Szczoteczka do zębów,SZCZO,Blaupunkt,BLAUP
AGD,AGDXX,Waga łazienkowa,WAGAL,Blaupunkt,BLAUP
AGD,AGDXX,Mikser,MIKSE,Blaupunkt,BLAUP
AGD,AGDXX,Blender,BLEND,Blendtec,BLEND
AGD,AGDXX,Oczyszczacz powietrza,OCZYS,Blueair,BLUEA
AGD,AGDXX,Osuszacz powietrza,OSUSZ,Blyss,BLYSS
AGD,AGDXX,Lodówka,LODOW,Bomann,BOMAN
AGD,AGDXX,Robot kuchenny,ROBOT,Bomann,BOMAN
AGD,AGDXX,Zamrażarka,ZAMRA,Bomann,BOMAN
AGD,AGDXX,Żelazko,ZELAZ,Bomann,BOMAN
AGD,AGDXX,Odkurzacz,ODKUR,Bomann,BOMAN
AGD,AGDXX,Zmywarka,ZMYWA,Bomann,BOMAN
AGD,AGDXX,Mikrofalówka,MIKRO,Bomann,BOMAN
AGD,AGDXX,Oczyszczacz powietrza,OCZYS,Boneco,BONEC
AGD,AGDXX,Nawilżacz powietrza,NAWIL,Boneco,BONEC
AGD,AGDXX,Czajnik elektryczny,CZAJN,Bosch,BOSCH
AGD,AGDXX,Lodówka,LODOW,Bosch,BOSCH
AGD,AGDXX,Robot kuchenny,ROBOT,Bosch,BOSCH
AGD,AGDXX,Blender,BLEND,Bosch,BOSCH
AGD,AGDXX,Zamrażarka,ZAMRA,Bosch,BOSCH
AGD,AGDXX,Grill elektryczny,GRILL,Bosch,BOSCH
AGD,AGDXX,Maszynka do mielenia,MASZY,Bosch,BOSCH
AGD,AGDXX,Wyciskarka do soku,WYCIS,Bosch,BOSCH
AGD,AGDXX,Płyty grzewcze,PLYTY,Bosch,BOSCH
AGD,AGDXX,Żelazko,ZELAZ,Bosch,BOSCH
AGD,AGDXX,Okap kuchenny,OKAPK,Bosch,BOSCH
AGD,AGDXX,Mikrofalówka,MIKRO,Bosch,BOSCH
AGD,AGDXX,Suszarka do prania,SUSZ1,Bosch,BOSCH
AGD,AGDXX,Ekspres do kawy,EKSPR,Bosch,BOSCH
AGD,AGDXX,Pralka,PRALK,Bosch,BOSCH
AGD,AGDXX,Zmywarka,ZMYWA,Bosch,BOSCH
AGD,AGDXX,Piekarnik,PIEKA,Bosch,BOSCH
AGD,AGDXX,Odkurzacz,ODKUR,Bosch,BOSCH
AGD,AGDXX,Toster,TOSTE,Bosch,BOSCH
AGD,AGDXX,Mikser,MIKSE,Bosch,BOSCH
AGD,AGDXX,Czajnik elektryczny,CZAJN,Botti,BOTTI
AGD,AGDXX,Opiekacz,OPIEK,Botti,BOTTI
AGD,AGDXX,Mikser,MIKSE,Botti,BOTTI
AGD,AGDXX,Płyty grzewcze,PLYTY,Brandt,BRAND
AGD,AGDXX,Piekarnik,PIEKA,Brandt,BRAND
AGD,AGDXX,Mikrofalówka,MIKRO,Brandt,BRAND
AGD,AGDXX,Czajnik elektryczny,CZAJN,Braun,BRAUN
AGD,AGDXX,Depilator,DEPIL,Braun,BRAUN
AGD,AGDXX,Blender,BLEND,Braun,BRAUN
AGD,AGDXX,Golarka elektryczna,GOLAR,Braun,BRAUN
AGD,AGDXX,Lokówka,LOKOW,Braun,BRAUN
AGD,AGDXX,Grill elektryczny,GRILL,Braun,BRAUN
AGD,AGDXX,Wyciskarka do soku,WYCIS,Braun,BRAUN
AGD,AGDXX,Prostownica ,PROST,Braun,BRAUN
AGD,AGDXX,Żelazko,ZELAZ,Braun,BRAUN
AGD,AGDXX,Oczyszczacz powietrza,OCZYS,Braun,BRAUN
AGD,AGDXX,Parownice i stacje parowe,PAROW,Braun,BRAUN
AGD,AGDXX,Suszarka do włosów,SUSZ2,Braun,BRAUN
AGD,AGDXX,Szczoteczka do zębów,SZCZO,Braun,BRAUN
AGD,AGDXX,Mikser,MIKSE,Braun,BRAUN
AGD,AGDXX,Opiekacz,OPIEK,Breville,BREVI
AGD,AGDXX,Ekspres do kawy,EKSPR,Breville,BREVI
AGD,AGDXX,Toster,TOSTE,Breville,BREVI
AGD,AGDXX,Szczoteczka do zębów,SZCZO,Brio,BRIOX
AGD,AGDXX,Blender,BLEND,Bugatti,BUGAT
AGD,AGDXX,Wyciskarka do soku,WYCIS,Bugatti,BUGAT
AGD,AGDXX,Depilator,DEPIL,Calor,CALOR
AGD,AGDXX,Czajnik elektryczny,CZAJN,Camry,CAMRY
AGD,AGDXX,Robot kuchenny,ROBOT,Camry,CAMRY
AGD,AGDXX,Lokówka,LOKOW,Camry,CAMRY
AGD,AGDXX,Blender,BLEND,Camry,CAMRY
AGD,AGDXX,Grill elektryczny,GRILL,Camry,CAMRY
AGD,AGDXX,Gofrownica,GOFRO,Camry,CAMRY
AGD,AGDXX,Maszynka do mielenia,MASZY,Camry,CAMRY
AGD,AGDXX,Wyciskarka do soku,WYCIS,Camry,CAMRY
AGD,AGDXX,Suszarka spożywcza,SUSZ3,Camry,CAMRY
AGD,AGDXX,Opiekacz,OPIEK,Camry,CAMRY
AGD,AGDXX,Prostownica ,PROST,Camry,CAMRY
AGD,AGDXX,Żelazko,ZELAZ,Camry,CAMRY
AGD,AGDXX,Mop parowy,MOPPA,Camry,CAMRY
AGD,AGDXX,Parownice i stacje parowe,PAROW,Camry,CAMRY
AGD,AGDXX,Osuszacz powietrza,OSUSZ,Camry,CAMRY
AGD,AGDXX,Suszarka do włosów,SUSZ2,Camry,CAMRY
AGD,AGDXX,Ekspres do kawy,EKSPR,Camry,CAMRY
AGD,AGDXX,Odkurzacz,ODKUR,Camry,CAMRY
AGD,AGDXX,Szczoteczka do zębów,SZCZO,Camry,CAMRY
AGD,AGDXX,Waga łazienkowa,WAGAL,Camry,CAMRY
AGD,AGDXX,Mikser,MIKSE,Camry,CAMRY
AGD,AGDXX,Lodówka,LODOW,Candy,CANDY
AGD,AGDXX,Zamrażarka,ZAMRA,Candy,CANDY
AGD,AGDXX,Płyty grzewcze,PLYTY,Candy,CANDY
AGD,AGDXX,Okap kuchenny,OKAPK,Candy,CANDY
AGD,AGDXX,Mikrofalówka,MIKRO,Candy,CANDY
AGD,AGDXX,Suszarka do prania,SUSZ1,Candy,CANDY
AGD,AGDXX,Pralka,PRALK,Candy,CANDY
AGD,AGDXX,Zmywarka,ZMYWA,Candy,CANDY
AGD,AGDXX,Piekarnik,PIEKA,Candy,CANDY
AGD,AGDXX,Odkurzacz,ODKUR,Candy,CANDY
AGD,AGDXX,Oczyszczacz powietrza,OCZYS,Carruzzo,CARRU
AGD,AGDXX,Osuszacz powietrza,OSUSZ,Carruzzo,CARRU
AGD,AGDXX,Blender,BLEND,Caso Design,CASOD
AGD,AGDXX,Ekspres do kawy,EKSPR,Caso Design,CASOD
AGD,AGDXX,Mikrofalówka,MIKRO,Caso Design,CASOD
AGD,AGDXX,Toster,TOSTE,Caso Design,CASOD
AGD,AGDXX,Okap kuchenny,OKAPK,Cata,CATAX
AGD,AGDXX,Ekspres do kawy,EKSPR,Catler,CATLE
AGD,AGDXX,Robot kuchenny,ROBOT,Cecotec,CECOT
AGD,AGDXX,Depilator,DEPIL,Cecotec,CECOT
AGD,AGDXX,Lokówka,LOKOW,Cecotec,CECOT
AGD,AGDXX,Blender,BLEND,Cecotec,CECOT
AGD,AGDXX,Grill elektryczny,GRILL,Cecotec,CECOT
AGD,AGDXX,Gofrownica,GOFRO,Cecotec,CECOT
AGD,AGDXX,Frytkownica,FRYTK,Cecotec,CECOT
AGD,AGDXX,Wyciskarka do soku,WYCIS,Cecotec,CECOT
AGD,AGDXX,Opiekacz,OPIEK,Cecotec,CECOT
AGD,AGDXX,Płyty grzewcze,PLYTY,Cecotec,CECOT
AGD,AGDXX,Prostownica ,PROST,Cecotec,CECOT
AGD,AGDXX,Żelazko,ZELAZ,Cecotec,CECOT
AGD,AGDXX,Mop parowy,MOPPA,Cecotec,CECOT
AGD,AGDXX,Oczyszczacz powietrza,OCZYS,Cecotec,CECOT
AGD,AGDXX,Parownice i stacje parowe,PAROW,Cecotec,CECOT
AGD,AGDXX,Osuszacz powietrza,OSUSZ,Cecotec,CECOT
AGD,AGDXX,Suszarka do włosów,SUSZ2,Cecotec,CECOT
AGD,AGDXX,Odkurzacz,ODKUR,Cecotec,CECOT
AGD,AGDXX,Ekspres do kawy,EKSPR,Cecotec,CECOT
AGD,AGDXX,Mikrofalówka,MIKRO,Cecotec,CECOT
AGD,AGDXX,Toster,TOSTE,Cecotec,CECOT
AGD,AGDXX,Waga łazienkowa,WAGAL,Cecotec,CECOT
AGD,AGDXX,Mikser,MIKSE,Cecotec,CECOT
AGD,AGDXX,Waga łazienkowa,WAGAL,Charder,CHARD
AGD,AGDXX,Lokówka,LOKOW,Chi,CHIXX
AGD,AGDXX,Prostownica ,PROST,Chi,CHIXX
AGD,AGDXX,Robot kuchenny,ROBOT,Chicco,CHICC
AGD,AGDXX,Okap kuchenny,OKAPK,CIARKO,CIARK
AGD,AGDXX,Płyty grzewcze,PLYTY,Ciarra,CIARR
AGD,AGDXX,Okap kuchenny,OKAPK,Ciarra,CIARR
AGD,AGDXX,Czajnik elektryczny,CZAJN,Clatronic,CLATR
AGD,AGDXX,Robot kuchenny,ROBOT,Clatronic,CLATR
AGD,AGDXX,Grill elektryczny,GRILL,Clatronic,CLATR
AGD,AGDXX,Gofrownica,GOFRO,Clatronic,CLATR
AGD,AGDXX,Frytkownica,FRYTK,Clatronic,CLATR
AGD,AGDXX,Maszynka do mielenia,MASZY,Clatronic,CLATR
AGD,AGDXX,Wyciskarka do soku,WYCIS,Clatronic,CLATR
AGD,AGDXX,Opiekacz,OPIEK,Clatronic,CLATR
AGD,AGDXX,Żelazko,ZELAZ,Clatronic,CLATR
AGD,AGDXX,Mop parowy,MOPPA,Clatronic,CLATR
AGD,AGDXX,Suszarka do włosów,SUSZ2,Clatronic,CLATR
AGD,AGDXX,Mikrofalówka,MIKRO,Clatronic,CLATR
AGD,AGDXX,Ekspres do kawy,EKSPR,Clatronic,CLATR
AGD,AGDXX,Odkurzacz,ODKUR,Clatronic,CLATR
AGD,AGDXX,Mikser,MIKSE,Clatronic,CLATR
AGD,AGDXX,Oczyszczacz powietrza,OCZYS,Cleanbet,CLEAN
AGD,AGDXX,Osuszacz powietrza,OSUSZ,Climative,CLIMA
AGD,AGDXX,Szczoteczka do zębów,SZCZO,Colgate,COLGA
AGD,AGDXX,Osuszacz powietrza,OSUSZ,Columbiavac,COLUM
AGD,AGDXX,Lodówka,LODOW,Comfee,COMFE
AGD,AGDXX,Osuszacz powietrza,OSUSZ,Comfee,COMFE
AGD,AGDXX,Mikrofalówka,MIKRO,Comfee,COMFE
AGD,AGDXX,Czajnik elektryczny,CZAJN,Concept,CONCE
AGD,AGDXX,Lodówka,LODOW,Concept,CONCE
AGD,AGDXX,Robot kuchenny,ROBOT,Concept,CONCE
AGD,AGDXX,Depilator,DEPIL,Concept,CONCE
AGD,AGDXX,Lokówka,LOKOW,Concept,CONCE
AGD,AGDXX,Zamrażarka,ZAMRA,Concept,CONCE
AGD,AGDXX,Blender,BLEND,Concept,CONCE
AGD,AGDXX,Grill elektryczny,GRILL,Concept,CONCE
AGD,AGDXX,Gofrownica,GOFRO,Concept,CONCE
AGD,AGDXX,Frytkownica,FRYTK,Concept,CONCE
AGD,AGDXX,Wyciskarka do soku,WYCIS,Concept,CONCE
AGD,AGDXX,Suszarka spożywcza,SUSZ3,Concept,CONCE
AGD,AGDXX,Opiekacz,OPIEK,Concept,CONCE
AGD,AGDXX,Płyty grzewcze,PLYTY,Concept,CONCE
AGD,AGDXX,Mop parowy,MOPPA,Concept,CONCE
AGD,AGDXX,Oczyszczacz powietrza,OCZYS,Concept,CONCE
AGD,AGDXX,Osuszacz powietrza,OSUSZ,Concept,CONCE
AGD,AGDXX,Suszarka do włosów,SUSZ2,Concept,CONCE
AGD,AGDXX,Okap kuchenny,OKAPK,Concept,CONCE
AGD,AGDXX,Mikrofalówka,MIKRO,Concept,CONCE
AGD,AGDXX,Pralka,PRALK,Concept,CONCE
AGD,AGDXX,Zmywarka,ZMYWA,Concept,CONCE
AGD,AGDXX,Piekarnik,PIEKA,Concept,CONCE
AGD,AGDXX,Odkurzacz,ODKUR,Concept,CONCE
AGD,AGDXX,Szczoteczka do zębów,SZCZO,Concept,CONCE
AGD,AGDXX,Waga łazienkowa,WAGAL,Concept,CONCE
AGD,AGDXX,Mikser,MIKSE,Concept,CONCE
AGD,AGDXX,Oczyszczacz powietrza,OCZYS,Conopu,CONOP
AGD,AGDXX,Osuszacz powietrza,OSUSZ,Conopu,CONOP
AGD,AGDXX,Lokówka,LOKOW,Corioliss,CORIO
AGD,AGDXX,Prostownica ,PROST,Corioliss,CORIO
AGD,AGDXX,Suszarka do włosów,SUSZ2,Coshare,COSHA
AGD,AGDXX,Frytkownica,FRYTK,Cosori,COSOR
AGD,AGDXX,Suszarka spożywcza,SUSZ3,Cosori,COSOR
AGD,AGDXX,Suszarka spożywcza,SUSZ3,Costway,COSTW
AGD,AGDXX,Osuszacz powietrza,OSUSZ,Costway,COSTW
AGD,AGDXX,Oczyszczacz powietrza,OCZYS,Coway,COWAY
AGD,AGDXX,Ekspres do kawy,EKSPR,Cremesso,CREME
AGD,AGDXX,Osuszacz powietrza,OSUSZ,Cronos,CRONO
AGD,AGDXX,Mikrofalówka,MIKRO,Daewoo,DAEWO
AGD,AGDXX,Płyty grzewcze,PLYTY,De Dietrich,DEDIE
AGD,AGDXX,Piekarnik,PIEKA,De Dietrich,DEDIE
AGD,AGDXX,Okap kuchenny,OKAPK,De Dietrich,DEDIE
AGD,AGDXX,Odkurzacz,ODKUR,Dedra,DEDRA
AGD,AGDXX,Suszarka do włosów,SUSZ2,Deerma,DEERM
AGD,AGDXX,Osuszacz powietrza,OSUSZ,Dehumidifier,DEHUM
AGD,AGDXX,Czajnik elektryczny,CZAJN,DeLonghi,DELON
AGD,AGDXX,Grill elektryczny,GRILL,DeLonghi,DELON
AGD,AGDXX,Frytkownica,FRYTK,DeLonghi,DELON
AGD,AGDXX,Oczyszczacz powietrza,OCZYS,DeLonghi,DELON
AGD,AGDXX,Osuszacz powietrza,OSUSZ,DeLonghi,DELON
AGD,AGDXX,Okap kuchenny,OKAPK,DeLonghi,DELON
AGD,AGDXX,Mikrofalówka,MIKRO,DeLonghi,DELON
AGD,AGDXX,Ekspres do kawy,EKSPR,DeLonghi,DELON
AGD,AGDXX,Piekarnik,PIEKA,DeLonghi,DELON
AGD,AGDXX,Odkurzacz,ODKUR,DeLonghi,DELON
AGD,AGDXX,Toster,TOSTE,DeLonghi,DELON
AGD,AGDXX,Ekspres do kawy,EKSPR,Delta,DELTA
AGD,AGDXX,Depilator,DEPIL,Deni Carte,DENIC
AGD,AGDXX,Depilator,DEPIL,Depilaze,DEPIL
AGD,AGDXX,Oczyszczacz powietrza,OCZYS,Descon,DESCO
AGD,AGDXX,Gofrownica,GOFRO,Dezal,DEZAL
AGD,AGDXX,Ekspres do kawy,EKSPR,Didiesse,DIDIE
AGD,AGDXX,Odkurzacz,ODKUR,Dirt Devil,DIRTD
AGD,AGDXX,Robot kuchenny,ROBOT,Domo,DOMOX
AGD,AGDXX,Gofrownica,GOFRO,Domo,DOMOX
AGD,AGDXX,Frytkownica,FRYTK,Domo,DOMOX
AGD,AGDXX,Opiekacz,OPIEK,Domo,DOMOX
AGD,AGDXX,Parownice i stacje parowe,PAROW,Domo,DOMOX
AGD,AGDXX,Odkurzacz,ODKUR,Domo,DOMOX
AGD,AGDXX,Ekspres do kawy,EKSPR,Domo,DOMOX
AGD,AGDXX,Mikrofalówka,MIKRO,Domo,DOMOX
AGD,AGDXX,Osuszacz powietrza,OSUSZ,Dorosin,DOROS
AGD,AGDXX,Szczoteczka do zębów,SZCZO,Dr. Bei,DRBEI
AGD,AGDXX,Depilator,DEPIL,Dreame,DREAM
AGD,AGDXX,Prostownica ,PROST,Dreame,DREAM
AGD,AGDXX,Suszarka do włosów,SUSZ2,Dreame,DREAM
AGD,AGDXX,Odkurzacz,ODKUR,Dreame,DREAM
AGD,AGDXX,Toster,TOSTE,Dualit,DUALI
AGD,AGDXX,Nawilżacz powietrza,NAWIL,Duux,DUUXX
AGD,AGDXX,Lokówka,LOKOW,Dyson,DYSON
AGD,AGDXX,Prostownica ,PROST,Dyson,DYSON
AGD,AGDXX,Oczyszczacz powietrza,OCZYS,Dyson,DYSON
AGD,AGDXX,Nawilżacz powietrza,NAWIL,Dyson,DYSON
AGD,AGDXX,Suszarka do włosów,SUSZ2,Dyson,DYSON
AGD,AGDXX,Odkurzacz,ODKUR,Dyson,DYSON
AGD,AGDXX,Osuszacz powietrza,OSUSZ,EBERG,EBERG
AGD,AGDXX,Mikrofalówka,MIKRO,ECG,ECGXX
AGD,AGDXX,Osuszacz powietrza,OSUSZ,EcoAir,ECOAI
AGD,AGDXX,Odkurzacz,ODKUR,Ecovacs,ECOVA
AGD,AGDXX,Lokówka,LOKOW,Efalock,EFALO
AGD,AGDXX,Prostownica ,PROST,Efalock,EFALO
AGD,AGDXX,Odkurzacz,ODKUR,Einhell,EINHE
AGD,AGDXX,Lokówka,LOKOW,Elchim,ELCHI
AGD,AGDXX,Prostownica ,PROST,Elchim,ELCHI
AGD,AGDXX,Czajnik elektryczny,CZAJN,Eldom,ELDOM
AGD,AGDXX,Robot kuchenny,ROBOT,Eldom,ELDOM
AGD,AGDXX,Golarka elektryczna,GOLAR,Eldom,ELDOM
AGD,AGDXX,Lokówka,LOKOW,Eldom,ELDOM
AGD,AGDXX,Maszynka do mielenia,MASZY,Eldom,ELDOM
AGD,AGDXX,Opiekacz,OPIEK,Eldom,ELDOM
AGD,AGDXX,Żelazko,ZELAZ,Eldom,ELDOM
AGD,AGDXX,Mop parowy,MOPPA,Eldom,ELDOM
AGD,AGDXX,Osuszacz powietrza,OSUSZ,Eldom,ELDOM
AGD,AGDXX,Suszarka do włosów,SUSZ2,Eldom,ELDOM
AGD,AGDXX,Szczoteczka do zębów,SZCZO,Eldom,ELDOM
AGD,AGDXX,Mikser,MIKSE,Eldom,ELDOM
AGD,AGDXX,Czajnik elektryczny,CZAJN,Electrolux,ELECT
AGD,AGDXX,Kuchenka,KUCHE,Electrolux,ELECT
AGD,AGDXX,Lodówka,LODOW,Electrolux,ELECT
AGD,AGDXX,Robot kuchenny,ROBOT,Electrolux,ELECT
AGD,AGDXX,Zamrażarka,ZAMRA,Electrolux,ELECT
AGD,AGDXX,Blender,BLEND,Electrolux,ELECT
AGD,AGDXX,Frytkownica,FRYTK,Electrolux,ELECT
AGD,AGDXX,Płyty grzewcze,PLYTY,Electrolux,ELECT
AGD,AGDXX,Żelazko,ZELAZ,Electrolux,ELECT
AGD,AGDXX,Oczyszczacz powietrza,OCZYS,Electrolux,ELECT
AGD,AGDXX,Parownice i stacje parowe,PAROW,Electrolux,ELECT
AGD,AGDXX,Okap kuchenny,OKAPK,Electrolux,ELECT
AGD,AGDXX,Mikrofalówka,MIKRO,Electrolux,ELECT
AGD,AGDXX,Suszarka do prania,SUSZ1,Electrolux,ELECT
AGD,AGDXX,Ekspres do kawy,EKSPR,Electrolux,ELECT
AGD,AGDXX,Pralka,PRALK,Electrolux,ELECT
AGD,AGDXX,Zmywarka,ZMYWA,Electrolux,ELECT
AGD,AGDXX,Piekarnik,PIEKA,Electrolux,ELECT
AGD,AGDXX,Odkurzacz,ODKUR,Electrolux,ELECT
AGD,AGDXX,Toster,TOSTE,Electrolux,ELECT
AGD,AGDXX,Mikser,MIKSE,Electrolux,ELECT
AGD,AGDXX,Płyty grzewcze,PLYTY,Elica,ELICA
AGD,AGDXX,Okap kuchenny,OKAPK,Elica,ELICA
AGD,AGDXX,Nawilżacz powietrza,NAWIL,Eltom Bestairtech,ELTOM
AGD,AGDXX,Opiekacz,OPIEK,Emerio,EMERI
AGD,AGDXX,Golarka elektryczna,GOLAR,Enchen,ENCHE
AGD,AGDXX,Waga łazienkowa,WAGAL,Esperanza,ESPER
AGD,AGDXX,Czajnik elektryczny,CZAJN,Esperanza,ESPER
AGD,AGDXX,Depilator,DEPIL,Esperanza,ESPER
AGD,AGDXX,Robot kuchenny,ROBOT,Esperanza,ESPER
AGD,AGDXX,Golarka elektryczna,GOLAR,Esperanza,ESPER
AGD,AGDXX,Lokówka,LOKOW,Esperanza,ESPER
AGD,AGDXX,Blender,BLEND,Esperanza,ESPER
AGD,AGDXX,Maszynka do mielenia,MASZY,Esperanza,ESPER
AGD,AGDXX,Wyciskarka do soku,WYCIS,Esperanza,ESPER
AGD,AGDXX,Suszarka spożywcza,SUSZ3,Esperanza,ESPER
AGD,AGDXX,Opiekacz,OPIEK,Esperanza,ESPER
AGD,AGDXX,Prostownica ,PROST,Esperanza,ESPER
AGD,AGDXX,Żelazko,ZELAZ,Esperanza,ESPER
AGD,AGDXX,Mop parowy,MOPPA,Esperanza,ESPER
AGD,AGDXX,Oczyszczacz powietrza,OCZYS,Esperanza,ESPER
AGD,AGDXX,Suszarka do włosów,SUSZ2,Esperanza,ESPER
AGD,AGDXX,Mikrofalówka,MIKRO,Esperanza,ESPER
AGD,AGDXX,Mikser,MIKSE,Esperanza,ESPER
AGD,AGDXX,Czajnik elektryczny,CZAJN,ETA,ETAXX
AGD,AGDXX,Lodówka,LODOW,ETA,ETAXX
AGD,AGDXX,Robot kuchenny,ROBOT,ETA,ETAXX
AGD,AGDXX,Żelazko,ZELAZ,ETA,ETAXX
AGD,AGDXX,Odkurzacz,ODKUR,ETA,ETAXX
AGD,AGDXX,Ekspres do kawy,EKSPR,ETA,ETAXX
AGD,AGDXX,Szczoteczka do zębów,SZCZO,ETA,ETAXX
AGD,AGDXX,Mikser,MIKSE,ETA,ETAXX
AGD,AGDXX,Odkurzacz,ODKUR,Eureka,EUREK
AGD,AGDXX,Lodówka,LODOW,Exquisit,EXQUI
AGD,AGDXX,Zamrażarka,ZAMRA,Exquisit,EXQUI
AGD,AGDXX,Mikrofalówka,MIKRO,Exquisit,EXQUI
AGD,AGDXX,Płyty grzewcze,PLYTY,Faber,FABER
AGD,AGDXX,Okap kuchenny,OKAPK,Faber,FABER
AGD,AGDXX,Maszynka do mielenia,MASZY,Fackelmann,FACKE
AGD,AGDXX,Szczoteczka do zębów,SZCZO,Fairywill,FAIRY
AGD,AGDXX,Płyty grzewcze,PLYTY,Falmec,FALME
AGD,AGDXX,Okap kuchenny,OKAPK,Falmec,FALME
AGD,AGDXX,Mikser,MIKSE,Feel-Maestro,FEELM
AGD,AGDXX,Szczoteczka do zębów,SZCZO,Feelo,FEELO
AGD,AGDXX,Czajnik elektryczny,CZAJN,Fellow,FELL1
AGD,AGDXX,Oczyszczacz powietrza,OCZYS,Fellowes,FELL2
AGD,AGDXX,Parownice i stacje parowe,PAROW,First Austria,FIRST
AGD,AGDXX,Ekspres do kawy,EKSPR,First Austria,FIRST
AGD,AGDXX,Waga łazienkowa,WAGAL,Fitbit,FITBI
AGD,AGDXX,Waga łazienkowa,WAGAL,FitTrack,FITTR
AGD,AGDXX,Depilator,DEPIL,Flawless,FLAWL
AGD,AGDXX,Golarka elektryczna,GOLAR,Flyco,FLYCO
AGD,AGDXX,Szczoteczka do zębów,SZCZO,Foreo,FOREO
AGD,AGDXX,Płyty grzewcze,PLYTY,Foster,FOSTE
AGD,AGDXX,Lokówka,LOKOW,Fox,FOXXX
AGD,AGDXX,Prostownica ,PROST,Fox,FOXXX
AGD,AGDXX,Suszarka do włosów,SUSZ2,Fox,FOXXX
AGD,AGDXX,Osuszacz powietrza,OSUSZ,FRAL,FRALX
AGD,AGDXX,Płyty grzewcze,PLYTY,Franke,FRANK
AGD,AGDXX,Piekarnik,PIEKA,Franke,FRANK
AGD,AGDXX,Okap kuchenny,OKAPK,Franke,FRANK
AGD,AGDXX,Płyty grzewcze,PLYTY,Freggia,FREGG
AGD,AGDXX,Piekarnik,PIEKA,Freggia,FREGG
AGD,AGDXX,Okap kuchenny,OKAPK,Freggia,FREGG
AGD,AGDXX,Osuszacz powietrza,OSUSZ,FreshAir,FRES2
AGD,AGDXX,Piekarnik,PIEKA,Fulgor Milano,FULGO
AGD,AGDXX,Robot kuchenny,ROBOT,G21,G21XX
AGD,AGDXX,Blender,BLEND,G21,G21XX
AGD,AGDXX,Frytkownica,FRYTK,G21,G21XX
AGD,AGDXX,Suszarka spożywcza,SUSZ3,G21,G21XX
AGD,AGDXX,Osuszacz powietrza,OSUSZ,G21,G21XX
AGD,AGDXX,Robot kuchenny,ROBOT,G3Ferrari,G3FER
AGD,AGDXX,Frytkownica,FRYTK,G3Ferrari,G3FER
AGD,AGDXX,Żelazko,ZELAZ,G3Ferrari,G3FER
AGD,AGDXX,Ekspres do kawy,EKSPR,G3Ferrari,G3FER
AGD,AGDXX,Mikrofalówka,MIKRO,G3Ferrari,G3FER
AGD,AGDXX,Ekspres do kawy,EKSPR,Gaggia,GAGGI
AGD,AGDXX,Mikrofalówka,MIKRO,Gallet,GALLE
AGD,AGDXX,Depilator,DEPIL,Garett,GARET
AGD,AGDXX,Waga łazienkowa,WAGAL,Garmin,GARMI
AGD,AGDXX,Ekspres do kawy,EKSPR,Gastroback,GASTR
AGD,AGDXX,Nawilżacz powietrza,NAWIL,Germanus,GERMA
AGD,AGDXX,Robot kuchenny,ROBOT,Germin,GERMI
AGD,AGDXX,Lokówka,LOKOW,GHD,GHDXX
AGD,AGDXX,Prostownica ,PROST,GHD,GHDXX
AGD,AGDXX,Golarka elektryczna,GOLAR,Gillette,GILLE
AGD,AGDXX,Robot kuchenny,ROBOT,Girmi,GIRMI
AGD,AGDXX,Żelazko,ZELAZ,Girmi,GIRMI
AGD,AGDXX,Mikrofalówka,MIKRO,Girmi,GIRMI
AGD,AGDXX,Płyty grzewcze,PLYTY,Globalo,GLOBA
AGD,AGDXX,Okap kuchenny,OKAPK,Globalo,GLOBA
AGD,AGDXX,Czajnik elektryczny,CZAJN,Gorenje,GOREN
AGD,AGDXX,Kuchenka,KUCHE,Gorenje,GOREN
AGD,AGDXX,Lodówka,LODOW,Gorenje,GOREN
AGD,AGDXX,Robot kuchenny,ROBOT,Gorenje,GOREN
AGD,AGDXX,Zamrażarka,ZAMRA,Gorenje,GOREN
AGD,AGDXX,Blender,BLEND,Gorenje,GOREN
AGD,AGDXX,Grill elektryczny,GRILL,Gorenje,GOREN
AGD,AGDXX,Frytkownica,FRYTK,Gorenje,GOREN
AGD,AGDXX,Maszynka do mielenia,MASZY,Gorenje,GOREN
AGD,AGDXX,Suszarka spożywcza,SUSZ3,Gorenje,GOREN
AGD,AGDXX,Opiekacz,OPIEK,Gorenje,GOREN
AGD,AGDXX,Płyty grzewcze,PLYTY,Gorenje,GOREN
AGD,AGDXX,Żelazko,ZELAZ,Gorenje,GOREN
AGD,AGDXX,Oczyszczacz powietrza,OCZYS,Gorenje,GOREN
AGD,AGDXX,Okap kuchenny,OKAPK,Gorenje,GOREN
AGD,AGDXX,Mikrofalówka,MIKRO,Gorenje,GOREN
AGD,AGDXX,Suszarka do prania,SUSZ1,Gorenje,GOREN
AGD,AGDXX,Ekspres do kawy,EKSPR,Gorenje,GOREN
AGD,AGDXX,Pralka,PRALK,Gorenje,GOREN
AGD,AGDXX,Zmywarka,ZMYWA,Gorenje,GOREN
AGD,AGDXX,Piekarnik,PIEKA,Gorenje,GOREN
AGD,AGDXX,Odkurzacz,ODKUR,Gorenje,GOREN
AGD,AGDXX,Toster,TOSTE,Gorenje,GOREN
AGD,AGDXX,Mikser,MIKSE,Gorenje,GOREN
AGD,AGDXX,Mikser,MIKSE,GOTIE,GOTIE
AGD,AGDXX,Czajnik elektryczny,CZAJN,Gotze&Jensen,GOTZE
AGD,AGDXX,Depilator,DEPIL,Gotze&Jensen,GOTZE
AGD,AGDXX,Golarka elektryczna,GOLAR,Gotze&Jensen,GOTZE
AGD,AGDXX,Gofrownica,GOFRO,Gotze&Jensen,GOTZE
AGD,AGDXX,Frytkownica,FRYTK,Gotze&Jensen,GOTZE
AGD,AGDXX,Wyciskarka do soku,WYCIS,Gotze&Jensen,GOTZE
AGD,AGDXX,Opiekacz,OPIEK,Gotze&Jensen,GOTZE
AGD,AGDXX,Żelazko,ZELAZ,Gotze&Jensen,GOTZE
AGD,AGDXX,Osuszacz powietrza,OSUSZ,Gotze&Jensen,GOTZE
AGD,AGDXX,Mikrofalówka,MIKRO,Gotze&Jensen,GOTZE
AGD,AGDXX,Ekspres do kawy,EKSPR,Gotze&Jensen,GOTZE
AGD,AGDXX,Odkurzacz,ODKUR,Gotze&Jensen,GOTZE
AGD,AGDXX,Okap kuchenny,OKAPK,Gotze&Jensen,GOTZE
AGD,AGDXX,Waga łazienkowa,WAGAL,Gotze&Jensen,GOTZE
AGD,AGDXX,Robot kuchenny,ROBOT,Gourmetmaxx,GOURM
AGD,AGDXX,Ekspres do kawy,EKSPR,Graef,GRAEF
AGD,AGDXX,Lodówka,LODOW,Grundig,GRUND
AGD,AGDXX,Golarka elektryczna,GOLAR,Grundig,GRUND
AGD,AGDXX,Lokówka,LOKOW,Grundig,GRUND
AGD,AGDXX,Płyty grzewcze,PLYTY,Grundig,GRUND
AGD,AGDXX,Parownice i stacje parowe,PAROW,Grundig,GRUND
AGD,AGDXX,Okap kuchenny,OKAPK,Grundig,GRUND
AGD,AGDXX,Mikrofalówka,MIKRO,Grundig,GRUND
AGD,AGDXX,Suszarka do prania,SUSZ1,Grundig,GRUND
AGD,AGDXX,Ekspres do kawy,EKSPR,Grundig,GRUND
AGD,AGDXX,Pralka,PRALK,Grundig,GRUND
AGD,AGDXX,Zmywarka,ZMYWA,Grundig,GRUND
AGD,AGDXX,Piekarnik,PIEKA,Grundig,GRUND
AGD,AGDXX,Odkurzacz,ODKUR,Grundig,GRUND
AGD,AGDXX,Okap kuchenny,OKAPK,Guzzanti,GUZZA
AGD,AGDXX,Wyciskarka do soku,WYCIS,H.Koenig,HKOEN
AGD,AGDXX,Suszarka spożywcza,SUSZ3,H.Koenig,HKOEN
AGD,AGDXX,Mop parowy,MOPPA,H.Koenig,HKOEN
AGD,AGDXX,Parownice i stacje parowe,PAROW,H.Koenig,HKOEN
AGD,AGDXX,Mikser,MIKSE,Haeger,HAEGE
AGD,AGDXX,Lodówka,LODOW,Haier,HAIER
AGD,AGDXX,Płyty grzewcze,PLYTY,Haier,HAIER
AGD,AGDXX,Piekarnik,PIEKA,Haier,HAIER
AGD,AGDXX,Suszarka do prania,SUSZ1,Haier,HAIER
AGD,AGDXX,Zmywarka,ZMYWA,Haier,HAIER
AGD,AGDXX,Pralka,PRALK,Haier,HAIER
AGD,AGDXX,Okap kuchenny,OKAPK,Haier,HAIER
AGD,AGDXX,Ekspres do kawy,EKSPR,Hamilton Beach,HAMIL
AGD,AGDXX,Mikrofalówka,MIKRO,Hanseatic,HANSE
AGD,AGDXX,Depilator,DEPIL,Heart Of Love,HEART
AGD,AGDXX,Depilator,DEPIL,Heckermann,HECKE
AGD,AGDXX,Depilator,DEPIL,Hedo,HEDOX
AGD,AGDXX,Czajnik elektryczny,CZAJN,Hendi,HENDI
AGD,AGDXX,Kuchenka,KUCHE,Hendi,HENDI
AGD,AGDXX,Robot kuchenny,ROBOT,Hendi,HENDI
AGD,AGDXX,Blender,BLEND,Hendi,HENDI
AGD,AGDXX,Grill elektryczny,GRILL,Hendi,HENDI
AGD,AGDXX,Gofrownica,GOFRO,Hendi,HENDI
AGD,AGDXX,Frytkownica,FRYTK,Hendi,HENDI
AGD,AGDXX,Maszynka do mielenia,MASZY,Hendi,HENDI
AGD,AGDXX,Wyciskarka do soku,WYCIS,Hendi,HENDI
AGD,AGDXX,Suszarka spożywcza,SUSZ3,Hendi,HENDI
AGD,AGDXX,Ekspres do kawy,EKSPR,Hendi,HENDI
AGD,AGDXX,Mikrofalówka,MIKRO,Hendi,HENDI
AGD,AGDXX,Mikser,MIKSE,Hendi,HENDI
AGD,AGDXX,Depilator,DEPIL,Herz,HERZX
AGD,AGDXX,Ekspres do kawy,EKSPR,HiBrew,HIBRE
AGD,AGDXX,Kuchenka,KUCHE,Hisense,HISEN
AGD,AGDXX,Lodówka,LODOW,Hisense,HISEN
AGD,AGDXX,Zamrażarka,ZAMRA,Hisense,HISEN
AGD,AGDXX,Grill elektryczny,GRILL,Hisense,HISEN
AGD,AGDXX,Frytkownica,FRYTK,Hisense,HISEN
AGD,AGDXX,Płyty grzewcze,PLYTY,Hisense,HISEN
AGD,AGDXX,Piekarnik,PIEKA,Hisense,HISEN
AGD,AGDXX,Okap kuchenny,OKAPK,Hisense,HISEN
AGD,AGDXX,Mikrofalówka,MIKRO,Hisense,HISEN
AGD,AGDXX,Suszarka do prania,SUSZ1,Hisense,HISEN
AGD,AGDXX,Pralka,PRALK,Hisense,HISEN
AGD,AGDXX,Zmywarka,ZMYWA,Hisense,HISEN
AGD,AGDXX,Lodówka,LODOW,Hitachi,HITAC
AGD,AGDXX,Odkurzacz,ODKUR,Hizero,HIZER
AGD,AGDXX,Czajnik elektryczny,CZAJN,Hoffen,HOFFE
AGD,AGDXX,Robot kuchenny,ROBOT,Hoffen,HOFFE
AGD,AGDXX,Lokówka,LOKOW,Hoffen,HOFFE
AGD,AGDXX,Opiekacz,OPIEK,Hoffen,HOFFE
AGD,AGDXX,Prostownica ,PROST,Hoffen,HOFFE
AGD,AGDXX,Żelazko,ZELAZ,Hoffen,HOFFE
AGD,AGDXX,Mop parowy,MOPPA,Hoffen,HOFFE
AGD,AGDXX,Parownice i stacje parowe,PAROW,Hoffen,HOFFE
AGD,AGDXX,Osuszacz powietrza,OSUSZ,Hoffen,HOFFE
AGD,AGDXX,Suszarka do włosów,SUSZ2,Hoffen,HOFFE
AGD,AGDXX,Szczoteczka do zębów,SZCZO,Hoffen,HOFFE
AGD,AGDXX,Mikser,MIKSE,Hoffen,HOFFE
AGD,AGDXX,Płyty grzewcze,PLYTY,Hoover,HOOVE
AGD,AGDXX,Oczyszczacz powietrza,OCZYS,Hoover,HOOVE
AGD,AGDXX,Okap kuchenny,OKAPK,Hoover,HOOVE
AGD,AGDXX,Mikrofalówka,MIKRO,Hoover,HOOVE
AGD,AGDXX,Suszarka do prania,SUSZ1,Hoover,HOOVE
AGD,AGDXX,Pralka,PRALK,Hoover,HOOVE
AGD,AGDXX,Zmywarka,ZMYWA,Hoover,HOOVE
AGD,AGDXX,Piekarnik,PIEKA,Hoover,HOOVE
AGD,AGDXX,Odkurzacz,ODKUR,Hoover,HOOVE
AGD,AGDXX,Kuchenka,KUCHE,Hotpoint,HOTPO
AGD,AGDXX,Lodówka,LODOW,Hotpoint,HOTPO
AGD,AGDXX,Płyty grzewcze,PLYTY,Hotpoint,HOTPO
AGD,AGDXX,Okap kuchenny,OKAPK,Hotpoint,HOTPO
AGD,AGDXX,Mikrofalówka,MIKRO,Hotpoint,HOTPO
AGD,AGDXX,Suszarka do prania,SUSZ1,Hotpoint,HOTPO
AGD,AGDXX,Ekspres do kawy,EKSPR,Hotpoint,HOTPO
AGD,AGDXX,Pralka,PRALK,Hotpoint,HOTPO
AGD,AGDXX,Zmywarka,ZMYWA,Hotpoint,HOTPO
AGD,AGDXX,Piekarnik,PIEKA,Hotpoint,HOTPO
AGD,AGDXX,Odkurzacz,ODKUR,Hotpoint,HOTPO
AGD,AGDXX,Waga łazienkowa,WAGAL,Huawei,HUAWE
AGD,AGDXX,Osuszacz powietrza,OSUSZ,Humberg,HUMBE
AGD,AGDXX,Czajnik elektryczny,CZAJN,Husla,HUSLA
AGD,AGDXX,Czajnik elektryczny,CZAJN,Hyundai,HYUND
AGD,AGDXX,Zamrażarka,ZAMRA,Hyundai,HYUND
AGD,AGDXX,Maszynka do mielenia,MASZY,Hyundai,HYUND
AGD,AGDXX,Okap kuchenny,OKAPK,Hyundai,HYUND
AGD,AGDXX,Mikrofalówka,MIKRO,Hyundai,HYUND
AGD,AGDXX,Suszarka do prania,SUSZ1,Hyundai,HYUND
AGD,AGDXX,Pralka,PRALK,Hyundai,HYUND
AGD,AGDXX,Zmywarka,ZMYWA,Hyundai,HYUND
AGD,AGDXX,Piekarnik,PIEKA,Hyundai,HYUND
AGD,AGDXX,Odkurzacz,ODKUR,Hyundai,HYUND
AGD,AGDXX,Mikser,MIKSE,Hyundai,HYUND
AGD,AGDXX,Okap kuchenny,OKAPK,Iceberg,ICEBE
AGD,AGDXX,Oczyszczacz powietrza,OCZYS,Ideal,IDEAL
AGD,AGDXX,Waga łazienkowa,WAGAL,iHealth,IHEAL
AGD,AGDXX,Płyty grzewcze,PLYTY,IKEA,IKEAX
AGD,AGDXX,Piekarnik,PIEKA,IKEA,IKEAX
AGD,AGDXX,Odkurzacz,ODKUR,ILIFE,ILIFE
AGD,AGDXX,Ekspres do kawy,EKSPR,Illy,ILLYX
AGD,AGDXX,Suszarka do włosów,SUSZ2,Imetec,IMETE
AGD,AGDXX,Kuchenka,KUCHE,Indesit,INDES
AGD,AGDXX,Lodówka,LODOW,Indesit,INDES
AGD,AGDXX,Zamrażarka,ZAMRA,Indesit,INDES
AGD,AGDXX,Płyty grzewcze,PLYTY,Indesit,INDES
AGD,AGDXX,Piekarnik,PIEKA,Indesit,INDES
AGD,AGDXX,Zmywarka,ZMYWA,Indesit,INDES
AGD,AGDXX,Pralka,PRALK,Indesit,INDES
AGD,AGDXX,Depilator,DEPIL,InFace,INFAC
AGD,AGDXX,Frytkownica,FRYTK,Instant Pot,INST2
AGD,AGDXX,Odkurzacz,ODKUR,iRobot,IROBO
AGD,AGDXX,Płyty grzewcze,PLYTY,IsEasy,ISEAS
AGD,AGDXX,Ekspres do kawy,EKSPR,Jura,JURAX
AGD,AGDXX,Piekarnik,PIEKA,Kaiser,KAISE
AGD,AGDXX,Robot kuchenny,ROBOT,Kalorik,KALOR
AGD,AGDXX,Opiekacz,OPIEK,Kalorik,KALOR
AGD,AGDXX,Ekspres do kawy,EKSPR,Kalorik,KALOR
AGD,AGDXX,Czajnik elektryczny,CZAJN,Kamille,KAMIL
AGD,AGDXX,Wyciskarka do soku,WYCIS,Kamille,KAMIL
AGD,AGDXX,Opiekacz,OPIEK,Kamille,KAMIL
AGD,AGDXX,Mikser,MIKSE,Kamille,KAMIL
AGD,AGDXX,Mop parowy,MOPPA,Kärcher,KRCHE
AGD,AGDXX,Oczyszczacz powietrza,OCZYS,Kärcher,KRCHE
AGD,AGDXX,Parownice i stacje parowe,PAROW,Kärcher,KRCHE
AGD,AGDXX,Odkurzacz,ODKUR,Kärcher,KRCHE
AGD,AGDXX,Czajnik elektryczny,CZAJN,Kassel,KASSE
AGD,AGDXX,Depilator,DEPIL,Keda,KEDAX
AGD,AGDXX,Golarka elektryczna,GOLAR,Kemei,KEMEI
AGD,AGDXX,Czajnik elektryczny,CZAJN,Kenwood,KENWO
AGD,AGDXX,Robot kuchenny,ROBOT,Kenwood,KENWO
AGD,AGDXX,Blender,BLEND,Kenwood,KENWO
AGD,AGDXX,Maszynka do mielenia,MASZY,Kenwood,KENWO
AGD,AGDXX,Mikrofalówka,MIKRO,Kenwood,KENWO
AGD,AGDXX,Suszarka do prania,SUSZ1,Kenwood,KENWO
AGD,AGDXX,Ekspres do kawy,EKSPR,Kenwood,KENWO
AGD,AGDXX,Pralka,PRALK,Kenwood,KENWO
AGD,AGDXX,Toster,TOSTE,Kenwood,KENWO
AGD,AGDXX,Mikser,MIKSE,Kenwood,KENWO
AGD,AGDXX,Robot kuchenny,ROBOT,Kerch,KERCH
AGD,AGDXX,Gofrownica,GOFRO,Kerch,KERCH
AGD,AGDXX,Czajnik elektryczny,CZAJN,Kernau,KERNA
AGD,AGDXX,Kuchenka,KUCHE,Kernau,KERNA
AGD,AGDXX,Lodówka,LODOW,Kernau,KERNA
AGD,AGDXX,Robot kuchenny,ROBOT,Kernau,KERNA
AGD,AGDXX,Zamrażarka,ZAMRA,Kernau,KERNA
AGD,AGDXX,Płyty grzewcze,PLYTY,Kernau,KERNA
AGD,AGDXX,Piekarnik,PIEKA,Kernau,KERNA
AGD,AGDXX,Suszarka do prania,SUSZ1,Kernau,KERNA
AGD,AGDXX,Zmywarka,ZMYWA,Kernau,KERNA
AGD,AGDXX,Mikrofalówka,MIKRO,Kernau,KERNA
AGD,AGDXX,Pralka,PRALK,Kernau,KERNA
AGD,AGDXX,Okap kuchenny,OKAPK,Kernau,KERNA
AGD,AGDXX,Robot kuchenny,ROBOT,KitchenAid,KITCH
AGD,AGDXX,Blender,BLEND,KitchenAid,KITCH
AGD,AGDXX,Suszarka spożywcza,SUSZ3,KitchenAid,KITCH
AGD,AGDXX,Okap kuchenny,OKAPK,KitchenAid,KITCH
AGD,AGDXX,Mikrofalówka,MIKRO,KitchenAid,KITCH
AGD,AGDXX,Ekspres do kawy,EKSPR,KitchenAid,KITCH
AGD,AGDXX,Zmywarka,ZMYWA,KitchenAid,KITCH
AGD,AGDXX,Piekarnik,PIEKA,KitchenAid,KITCH
AGD,AGDXX,Toster,TOSTE,KitchenAid,KITCH
AGD,AGDXX,Mikser,MIKSE,KitchenAid,KITCH
AGD,AGDXX,Lodówka,LODOW,Klarstein,KLARS
AGD,AGDXX,Robot kuchenny,ROBOT,Klarstein,KLARS
AGD,AGDXX,Zamrażarka,ZAMRA,Klarstein,KLARS
AGD,AGDXX,Grill elektryczny,GRILL,Klarstein,KLARS
AGD,AGDXX,Frytkownica,FRYTK,Klarstein,KLARS
AGD,AGDXX,Suszarka spożywcza,SUSZ3,Klarstein,KLARS
AGD,AGDXX,Płyty grzewcze,PLYTY,Klarstein,KLARS
AGD,AGDXX,Osuszacz powietrza,OSUSZ,Klarstein,KLARS
AGD,AGDXX,Piekarnik,PIEKA,Klarstein,KLARS
AGD,AGDXX,Suszarka do prania,SUSZ1,Klarstein,KLARS
AGD,AGDXX,Zmywarka,ZMYWA,Klarstein,KLARS
AGD,AGDXX,Ekspres do kawy,EKSPR,Klarstein,KLARS
AGD,AGDXX,Okap kuchenny,OKAPK,Klarstein,KLARS
AGD,AGDXX,Czajnik elektryczny,CZAJN,Klausberg,KLAUS
AGD,AGDXX,Frytkownica,FRYTK,Klausberg,KLAUS
AGD,AGDXX,Robot kuchenny,ROBOT,Kohersen,KOHER
AGD,AGDXX,Robot kuchenny,ROBOT,Koliber,KOLIB
AGD,AGDXX,Ekspres do kawy,EKSPR,Korona,KORON
AGD,AGDXX,Oczyszczacz powietrza,OCZYS,Krupa Design,KRUPA
AGD,AGDXX,Gofrownica,GOFRO,Krups,KRUPS
AGD,AGDXX,Ekspres do kawy,EKSPR,Krups,KRUPS
AGD,AGDXX,Suszarka do włosów,SUSZ2,Krups,KRUPS
AGD,AGDXX,Blender,BLEND,Kuvings,KUVIN
AGD,AGDXX,Grill elektryczny,GRILL,Kuvings,KUVIN
AGD,AGDXX,Prostownica ,PROST,L’Oréal Steampod,LORAL
AGD,AGDXX,Ekspres do kawy,EKSPR,La Pavoni,LAPAV
AGD,AGDXX,Czajnik elektryczny,CZAJN,Lafe,LAFEX
AGD,AGDXX,Robot kuchenny,ROBOT,Lafe,LAFEX
AGD,AGDXX,Lokówka,LOKOW,Lafe,LAFEX
AGD,AGDXX,Gofrownica,GOFRO,Lafe,LAFEX
AGD,AGDXX,Suszarka do włosów,SUSZ2,Lafe,LAFEX
AGD,AGDXX,Mikser,MIKSE,Lafe,LAFEX
AGD,AGDXX,Gofrownica,GOFRO,LAGRANGE,LAGRA
AGD,AGDXX,Suszarka do włosów,SUSZ2,Laifen,LAIFE
AGD,AGDXX,Parownice i stacje parowe,PAROW,Laurastar,LAURA
AGD,AGDXX,Ekspres do kawy,EKSPR,Lavazza,LAVAZ
AGD,AGDXX,Robot kuchenny,ROBOT,Lehmann,LEHMA
AGD,AGDXX,Gofrownica,GOFRO,Lehmann,LEHMA
AGD,AGDXX,Frytkownica,FRYTK,Lehmann,LEHMA
AGD,AGDXX,Suszarka spożywcza,SUSZ3,Lehmann,LEHMA
AGD,AGDXX,Odkurzacz,ODKUR,LEIFHEIT,LEIFH
AGD,AGDXX,Oczyszczacz powietrza,OCZYS,Leitz,LEITZ
AGD,AGDXX,Ekspres do kawy,EKSPR,Lelit,LELIT
AGD,AGDXX,Odkurzacz,ODKUR,Lenovo,LENOV
AGD,AGDXX,Depilator,DEPIL,Lescolton,LESCO
AGD,AGDXX,Oczyszczacz powietrza,OCZYS,Levoit,LEVOI
AGD,AGDXX,Nawilżacz powietrza,NAWIL,Levoit,LEVOI
AGD,AGDXX,Depilator,DEPIL,Lewer,LEWER
AGD,AGDXX,Lodówka,LODOW,LG,LGXXX
AGD,AGDXX,Osuszacz powietrza,OSUSZ,LG,LGXXX
AGD,AGDXX,Okap kuchenny,OKAPK,LG,LGXXX
AGD,AGDXX,Mikrofalówka,MIKRO,LG,LGXXX
AGD,AGDXX,Suszarka do prania,SUSZ1,LG,LGXXX
AGD,AGDXX,Pralka,PRALK,LG,LGXXX
AGD,AGDXX,Zmywarka,ZMYWA,LG,LGXXX
AGD,AGDXX,Piekarnik,PIEKA,LG,LGXXX
AGD,AGDXX,Odkurzacz,ODKUR,LG,LGXXX
AGD,AGDXX,Lodówka,LODOW,Liebherr,LIEBH
AGD,AGDXX,Lodówka,LODOW,Lin,LINXX
AGD,AGDXX,Zamrażarka,ZAMRA,Lin,LINXX
AGD,AGDXX,Płyty grzewcze,PLYTY,Lin,LINXX
AGD,AGDXX,Waga łazienkowa,WAGAL,Little Balance,LITTL
AGD,AGDXX,Robot kuchenny,ROBOT,Lovio,LOVIO
AGD,AGDXX,Czajnik elektryczny,CZAJN,Lund,LUNDX
AGD,AGDXX,Robot kuchenny,ROBOT,Lund,LUNDX
AGD,AGDXX,Frytkownica,FRYTK,Lund,LUNDX
AGD,AGDXX,Maszynka do mielenia,MASZY,Lund,LUNDX
AGD,AGDXX,Opiekacz,OPIEK,Lund,LUNDX
AGD,AGDXX,Mop parowy,MOPPA,Lund,LUNDX
AGD,AGDXX,Oczyszczacz powietrza,OCZYS,Lund,LUNDX
AGD,AGDXX,Mikser,MIKSE,Lund,LUNDX
AGD,AGDXX,Zamrażarka,ZAMRA,Luxpol,LUXPO
AGD,AGDXX,Czajnik elektryczny,CZAJN,Łucznik,LUCZN
AGD,AGDXX,Blender,BLEND,Łucznik,LUCZN
AGD,AGDXX,Opiekacz,OPIEK,Łucznik,LUCZN
AGD,AGDXX,Okap kuchenny,OKAPK,MAAN,MAANX
AGD,AGDXX,Czajnik elektryczny,CZAJN,Maestro,MAEST
AGD,AGDXX,Robot kuchenny,ROBOT,Maestro,MAEST
AGD,AGDXX,Maszynka do mielenia,MASZY,Maestro,MAEST
AGD,AGDXX,Żelazko,ZELAZ,Maestro,MAEST
AGD,AGDXX,Parownice i stacje parowe,PAROW,Maestro,MAEST
AGD,AGDXX,Mikser,MIKSE,Maestro,MAEST
AGD,AGDXX,Odkurzacz,ODKUR,Makita,MAKIT
AGD,AGDXX,Robot kuchenny,ROBOT,MalTec,MALTE
AGD,AGDXX,Parownice i stacje parowe,PAROW,MalTec,MALTE
AGD,AGDXX,Osuszacz powietrza,OSUSZ,MalTec,MALTE
AGD,AGDXX,Robot kuchenny,ROBOT,Marcato,MARCA
AGD,AGDXX,Depilator,DEPIL,Marske,MARSK
AGD,AGDXX,Osuszacz powietrza,OSUSZ,Master,MAST1
AGD,AGDXX,Kuchenka,KUCHE,MasterChef,MAST3
AGD,AGDXX,Piekarnik,PIEKA,Mastercook,MAST2
AGD,AGDXX,Osuszacz powietrza,OSUSZ,Meaco,MEACO
AGD,AGDXX,Nawilżacz powietrza,NAWIL,Meaco,MEACO
AGD,AGDXX,Lodówka,LODOW,Medion,MEDIO
AGD,AGDXX,Zamrażarka,ZAMRA,Medion,MEDIO
AGD,AGDXX,Zmywarka,ZMYWA,Medion,MEDIO
AGD,AGDXX,Ekspres do kawy,EKSPR,Medion,MEDIO
AGD,AGDXX,Mikrofalówka,MIKRO,Medion,MEDIO
AGD,AGDXX,Waga łazienkowa,WAGAL,Medisana,MEDIS
AGD,AGDXX,Ekspres do kawy,EKSPR,Melitta,MELIT
AGD,AGDXX,Mikser,MIKSE,Menuett,MENUE
AGD,AGDXX,Czajnik elektryczny,CZAJN,Mesko,MESKO
AGD,AGDXX,Robot kuchenny,ROBOT,Mesko,MESKO
AGD,AGDXX,Golarka elektryczna,GOLAR,Mesko,MESKO
AGD,AGDXX,Lokówka,LOKOW,Mesko,MESKO
AGD,AGDXX,Maszynka do mielenia,MASZY,Mesko,MESKO
AGD,AGDXX,Wyciskarka do soku,WYCIS,Mesko,MESKO
AGD,AGDXX,Opiekacz,OPIEK,Mesko,MESKO
AGD,AGDXX,Żelazko,ZELAZ,Mesko,MESKO
AGD,AGDXX,Odkurzacz,ODKUR,Mesko,MESKO
AGD,AGDXX,Suszarka do włosów,SUSZ2,Mesko,MESKO
AGD,AGDXX,Lodówka,LODOW,Midea,MIDEA
AGD,AGDXX,Zamrażarka,ZAMRA,Midea,MIDEA
AGD,AGDXX,Osuszacz powietrza,OSUSZ,Midea,MIDEA
AGD,AGDXX,Odkurzacz,ODKUR,Midea,MIDEA
AGD,AGDXX,Zmywarka,ZMYWA,Midea,MIDEA
AGD,AGDXX,Mikrofalówka,MIKRO,Midea,MIDEA
AGD,AGDXX,Pralka,PRALK,Midea,MIDEA
AGD,AGDXX,Lodówka,LODOW,Miele,MIELE
AGD,AGDXX,Płyty grzewcze,PLYTY,Miele,MIELE
AGD,AGDXX,Odkurzacz,ODKUR,Miele,MIELE
AGD,AGDXX,Piekarnik,PIEKA,Miele,MIELE
AGD,AGDXX,Suszarka do prania,SUSZ1,Miele,MIELE
AGD,AGDXX,Zmywarka,ZMYWA,Miele,MIELE
AGD,AGDXX,Ekspres do kawy,EKSPR,Miele,MIELE
AGD,AGDXX,Mikrofalówka,MIKRO,Miele,MIELE
AGD,AGDXX,Pralka,PRALK,Miele,MIELE
AGD,AGDXX,Robot kuchenny,ROBOT,MiGiris,MIGIR
AGD,AGDXX,Depilator,DEPIL,Minexo,MINEX
AGD,AGDXX,Osuszacz powietrza,OSUSZ,MissionAir,MISSI
AGD,AGDXX,Ekspres do kawy,EKSPR,Moccamaster,MOCCA
AGD,AGDXX,Blender,BLEND,Morphy Richards,MORPH
AGD,AGDXX,Parownice i stacje parowe,PAROW,Morphy Richards,MORPH
AGD,AGDXX,Toster,TOSTE,Morphy Richards,MORPH
AGD,AGDXX,Mikser,MIKSE,Morphy Richards,MORPH
AGD,AGDXX,Golarka elektryczna,GOLAR,Moser,MOSER
AGD,AGDXX,Robot kuchenny,ROBOT,Moulinex,MOULI
AGD,AGDXX,Ekspres do kawy,EKSPR,Moulinex,MOULI
AGD,AGDXX,Toster,TOSTE,Moulinex,MOULI
AGD,AGDXX,Mikser,MIKSE,Moulinex,MOULI
AGD,AGDXX,Robot kuchenny,ROBOT,Mozano,MOZAN
AGD,AGDXX,Gofrownica,GOFRO,Mozano,MOZAN
AGD,AGDXX,Osuszacz powietrza,OSUSZ,Mozano,MOZAN
AGD,AGDXX,Czajnik elektryczny,CZAJN,MPM,MPMXX
AGD,AGDXX,Kuchenka,KUCHE,MPM,MPMXX
AGD,AGDXX,Lodówka,LODOW,MPM,MPMXX
AGD,AGDXX,Robot kuchenny,ROBOT,MPM,MPMXX
AGD,AGDXX,Lokówka,LOKOW,MPM,MPMXX
AGD,AGDXX,Zamrażarka,ZAMRA,MPM,MPMXX
AGD,AGDXX,Grill elektryczny,GRILL,MPM,MPMXX
AGD,AGDXX,Gofrownica,GOFRO,MPM,MPMXX
AGD,AGDXX,Maszynka do mielenia,MASZY,MPM,MPMXX
AGD,AGDXX,Opiekacz,OPIEK,MPM,MPMXX
AGD,AGDXX,Płyty grzewcze,PLYTY,MPM,MPMXX
AGD,AGDXX,Żelazko,ZELAZ,MPM,MPMXX
AGD,AGDXX,Mop parowy,MOPPA,MPM,MPMXX
AGD,AGDXX,Okap kuchenny,OKAPK,MPM,MPMXX
AGD,AGDXX,Mikrofalówka,MIKRO,MPM,MPMXX
AGD,AGDXX,Ekspres do kawy,EKSPR,MPM,MPMXX
AGD,AGDXX,Pralka,PRALK,MPM,MPMXX
AGD,AGDXX,Zmywarka,ZMYWA,MPM,MPMXX
AGD,AGDXX,Piekarnik,PIEKA,MPM,MPMXX
AGD,AGDXX,Odkurzacz,ODKUR,MPM,MPMXX
AGD,AGDXX,Suszarka do włosów,SUSZ2,MPM,MPMXX
AGD,AGDXX,Mikser,MIKSE,MPM,MPMXX
AGD,AGDXX,Nawilżacz powietrza,NAWIL,Mycond,MYCON
AGD,AGDXX,Depilator,DEPIL,Nano,NANOX
AGD,AGDXX,Płyty grzewcze,PLYTY,Neff,NEFFX
AGD,AGDXX,Oczyszczacz powietrza,OCZYS,Neo Tools,NEOTO
AGD,AGDXX,Ekspres do kawy,EKSPR,Nespresso,NESPR
AGD,AGDXX,Szczoteczka do zębów,SZCZO,Nickelodeon,NICKE
AGD,AGDXX,Odkurzacz,ODKUR,Nilfisk-ALTO,NILFI
AGD,AGDXX,Robot kuchenny,ROBOT,Ninja,NINJA
AGD,AGDXX,Blender,BLEND,Ninja,NINJA
AGD,AGDXX,Grill elektryczny,GRILL,Ninja,NINJA
AGD,AGDXX,Frytkownica,FRYTK,Ninja,NINJA
AGD,AGDXX,Ekspres do kawy,EKSPR,Nivona,NIVON
AGD,AGDXX,Okap kuchenny,OKAPK,Nortberg,NORTB
AGD,AGDXX,Opiekacz,OPIEK,NOVEEN,NOVE1
AGD,AGDXX,Osuszacz powietrza,OSUSZ,NOVEEN,NOVE1
AGD,AGDXX,Odkurzacz,ODKUR,Numatic,NUMAT
AGD,AGDXX,Blender,BLEND,NutriBullet,NUTRI
AGD,AGDXX,Szczoteczka do zębów,SZCZO,Oclean,OCLEA
AGD,AGDXX,Waga łazienkowa,WAGAL,Ohaus,OHAUS
AGD,AGDXX,Osuszacz powietrza,OSUSZ,Olimpia,OLIMP
AGD,AGDXX,Szczoteczka do zębów,SZCZO,Omron,OMRON
AGD,AGDXX,Waga łazienkowa,WAGAL,Omron,OMRON
AGD,AGDXX,Czajnik elektryczny,CZAJN,Optimum,OPTI2
AGD,AGDXX,Szczoteczka do zębów,SZCZO,Oral-B,ORALB
AGD,AGDXX,Szczoteczka do zębów,SZCZO,Oromed,OROME
AGD,AGDXX,Golarka elektryczna,GOLAR,Oster,OSTER
AGD,AGDXX,Ekspres do kawy,EKSPR,Outin,OUTIN
AGD,AGDXX,Golarka elektryczna,GOLAR,Paiter,PAITE
AGD,AGDXX,Depilator,DEPIL,Panasonic,PANAS
AGD,AGDXX,Lodówka,LODOW,Panasonic,PANAS
AGD,AGDXX,Golarka elektryczna,GOLAR,Panasonic,PANAS
AGD,AGDXX,Lokówka,LOKOW,Panasonic,PANAS
AGD,AGDXX,Frytkownica,FRYTK,Panasonic,PANAS
AGD,AGDXX,Prostownica ,PROST,Panasonic,PANAS
AGD,AGDXX,Mikrofalówka,MIKRO,Panasonic,PANAS
AGD,AGDXX,Suszarka do prania,SUSZ1,Panasonic,PANAS
AGD,AGDXX,Ekspres do kawy,EKSPR,Panasonic,PANAS
AGD,AGDXX,Pralka,PRALK,Panasonic,PANAS
AGD,AGDXX,Zmywarka,ZMYWA,Panasonic,PANAS
AGD,AGDXX,Piekarnik,PIEKA,Panasonic,PANAS
AGD,AGDXX,Odkurzacz,ODKUR,Panasonic,PANAS
AGD,AGDXX,Szczoteczka do zębów,SZCZO,Panasonic,PANAS
AGD,AGDXX,Lodówka,LODOW,Philco,PHILC
AGD,AGDXX,Zamrażarka,ZAMRA,Philco,PHILC
AGD,AGDXX,Płyty grzewcze,PLYTY,Philco,PHILC
AGD,AGDXX,Pralka,PRALK,Philco,PHILC
AGD,AGDXX,Czajnik elektryczny,CZAJN,Philips,PHILI
AGD,AGDXX,Depilator,DEPIL,Philips,PHILI
AGD,AGDXX,Robot kuchenny,ROBOT,Philips,PHILI
AGD,AGDXX,Golarka elektryczna,GOLAR,Philips,PHILI
AGD,AGDXX,Lokówka,LOKOW,Philips,PHILI
AGD,AGDXX,Blender,BLEND,Philips,PHILI
AGD,AGDXX,Grill elektryczny,GRILL,Philips,PHILI
AGD,AGDXX,Frytkownica,FRYTK,Philips,PHILI
AGD,AGDXX,Wyciskarka do soku,WYCIS,Philips,PHILI
AGD,AGDXX,Opiekacz,OPIEK,Philips,PHILI
AGD,AGDXX,Prostownica ,PROST,Philips,PHILI
AGD,AGDXX,Żelazko,ZELAZ,Philips,PHILI
AGD,AGDXX,Oczyszczacz powietrza,OCZYS,Philips,PHILI
AGD,AGDXX,Parownice i stacje parowe,PAROW,Philips,PHILI
AGD,AGDXX,Nawilżacz powietrza,NAWIL,Philips,PHILI
AGD,AGDXX,Ekspres do kawy,EKSPR,Philips,PHILI
AGD,AGDXX,Odkurzacz,ODKUR,Philips,PHILI
AGD,AGDXX,Suszarka do włosów,SUSZ2,Philips,PHILI
AGD,AGDXX,Szczoteczka do zębów,SZCZO,Philips,PHILI
AGD,AGDXX,Toster,TOSTE,Philips,PHILI
AGD,AGDXX,Mikser,MIKSE,Philips,PHILI
AGD,AGDXX,Szczoteczka do zębów,SZCZO,Phylian,PHYLI
AGD,AGDXX,Czajnik elektryczny,CZAJN,Platinet,PLATI
AGD,AGDXX,Lodówka,LODOW,Polar,POLA1
AGD,AGDXX,Pralka,PRALK,Polar,POLA1
AGD,AGDXX,Mop parowy,MOPPA,Polti,POLTI
AGD,AGDXX,Odkurzacz,ODKUR,Polti,POLTI
AGD,AGDXX,Suszarka spożywcza,SUSZ3,Primaveo,PRIMA
AGD,AGDXX,Czajnik elektryczny,CZAJN,PRIME,PRIME
AGD,AGDXX,Robot kuchenny,ROBOT,PRIME,PRIME
AGD,AGDXX,Golarka elektryczna,GOLAR,PRIME,PRIME
AGD,AGDXX,Maszynka do mielenia,MASZY,PRIME,PRIME
AGD,AGDXX,Oczyszczacz powietrza,OCZYS,PRIME,PRIME
AGD,AGDXX,Odkurzacz,ODKUR,PRIME,PRIME
AGD,AGDXX,Mikser,MIKSE,PRIME,PRIME
AGD,AGDXX,Grill elektryczny,GRILL,Princess,PRINC
AGD,AGDXX,Gofrownica,GOFRO,Princess,PRINC
AGD,AGDXX,Frytkownica,FRYTK,Princess,PRINC
AGD,AGDXX,Wyciskarka do soku,WYCIS,Princess,PRINC
AGD,AGDXX,Ekspres do kawy,EKSPR,Princess,PRINC
AGD,AGDXX,Osuszacz powietrza,OSUSZ,ProBreeze,PROBR
AGD,AGDXX,Toster,TOSTE,Proctor Silex,PROCT
AGD,AGDXX,Mikser,MIKSE,Profi Cook,PROF1
AGD,AGDXX,Czajnik elektryczny,CZAJN,Profi Cook,PROF1
AGD,AGDXX,Robot kuchenny,ROBOT,Profi Cook,PROF1
AGD,AGDXX,Blender,BLEND,Profi Cook,PROF1
AGD,AGDXX,Gofrownica,GOFRO,Profi Cook,PROF1
AGD,AGDXX,Frytkownica,FRYTK,Profi Cook,PROF1
AGD,AGDXX,Maszynka do mielenia,MASZY,Profi Cook,PROF1
AGD,AGDXX,Suszarka spożywcza,SUSZ3,Profi Cook,PROF1
AGD,AGDXX,Płyty grzewcze,PLYTY,Profi Cook,PROF1
AGD,AGDXX,Ekspres do kawy,EKSPR,Profi Cook,PROF1
AGD,AGDXX,Oczyszczacz powietrza,OCZYS,Profi&Home,PROF3
AGD,AGDXX,Depilator,DEPIL,Proficare,PROF2
AGD,AGDXX,Golarka elektryczna,GOLAR,Proficare,PROF2
AGD,AGDXX,Prostownica ,PROST,Proficare,PROF2
AGD,AGDXX,Suszarka do włosów,SUSZ2,Proficare,PROF2
AGD,AGDXX,Szczoteczka do zębów,SZCZO,ProMedix,PROME
AGD,AGDXX,Odkurzacz,ODKUR,Proscenic,PROSC
AGD,AGDXX,Osuszacz powietrza,OSUSZ,Qlima,QLIMA
AGD,AGDXX,Kuchenka,KUCHE,Ravanson,RAVAN
AGD,AGDXX,Lodówka,LODOW,Ravanson,RAVAN
AGD,AGDXX,Mop parowy,MOPPA,Ravanson,RAVAN
AGD,AGDXX,Robot kuchenny,ROBOT,Raven,RAVEN
AGD,AGDXX,Grill elektryczny,GRILL,Raven,RAVEN
AGD,AGDXX,Żelazko,ZELAZ,Raven,RAVEN
AGD,AGDXX,Parownice i stacje parowe,PAROW,Raven,RAVEN
AGD,AGDXX,Odkurzacz,ODKUR,Raven,RAVEN
AGD,AGDXX,Depilator,DEPIL,Remington,REMIN
AGD,AGDXX,Golarka elektryczna,GOLAR,Remington,REMIN
AGD,AGDXX,Lokówka,LOKOW,Remington,REMIN
AGD,AGDXX,Prostownica ,PROST,Remington,REMIN
AGD,AGDXX,Suszarka do włosów,SUSZ2,Remington,REMIN
AGD,AGDXX,Okap kuchenny,OKAPK,Respekta,RESPE
AGD,AGDXX,Lokówka,LOKOW,Revlon,REVLO
AGD,AGDXX,Prostownica ,PROST,Revlon,REVLO
AGD,AGDXX,Suszarka do włosów,SUSZ2,Revlon,REVLO
AGD,AGDXX,Oczyszczacz powietrza,OCZYS,Rilbstix,RILBS
AGD,AGDXX,Odkurzacz,ODKUR,RoboJet,ROBOJ
AGD,AGDXX,Odkurzacz,ODKUR,Roborock,ROBOR
AGD,AGDXX,Frytkownica,FRYTK,Rohnson,ROHNS
AGD,AGDXX,Osuszacz powietrza,OSUSZ,Rohnson,ROHNS
AGD,AGDXX,Oczyszczacz powietrza,OCZYS,Rotenso,ROTEN
AGD,AGDXX,Depilator,DEPIL,Rowenta,ROWEN
AGD,AGDXX,Golarka elektryczna,GOLAR,Rowenta,ROWEN
AGD,AGDXX,Lokówka,LOKOW,Rowenta,ROWEN
AGD,AGDXX,Grill elektryczny,GRILL,Rowenta,ROWEN
AGD,AGDXX,Prostownica ,PROST,Rowenta,ROWEN
AGD,AGDXX,Żelazko,ZELAZ,Rowenta,ROWEN
AGD,AGDXX,Mop parowy,MOPPA,Rowenta,ROWEN
AGD,AGDXX,Parownice i stacje parowe,PAROW,Rowenta,ROWEN
AGD,AGDXX,Odkurzacz,ODKUR,Rowenta,ROWEN
AGD,AGDXX,Ekspres do kawy,EKSPR,Rowenta,ROWEN
AGD,AGDXX,Suszarka do włosów,SUSZ2,Rowenta,ROWEN
AGD,AGDXX,Kuchenka,KUCHE,Royal Catering,ROYAL
AGD,AGDXX,Zamrażarka,ZAMRA,Royal Catering,ROYAL
AGD,AGDXX,Blender,BLEND,Royal Catering,ROYAL
AGD,AGDXX,Frytkownica,FRYTK,Royal Catering,ROYAL
AGD,AGDXX,Depilator,DEPIL,Rozz,ROZZX
AGD,AGDXX,Osuszacz powietrza,OSUSZ,Rubson,RUBSO
AGD,AGDXX,Robot kuchenny,ROBOT,Ruhhy,RUHHY
AGD,AGDXX,Opiekacz,OPIEK,Ruhhy,RUHHY
AGD,AGDXX,Oczyszczacz powietrza,OCZYS,Ruhhy,RUHHY
AGD,AGDXX,Osuszacz powietrza,OSUSZ,Ruhhy,RUHHY
AGD,AGDXX,Czajnik elektryczny,CZAJN,Russell Hobbs,RUSSE
AGD,AGDXX,Robot kuchenny,ROBOT,Russell Hobbs,RUSSE
AGD,AGDXX,Blender,BLEND,Russell Hobbs,RUSSE
AGD,AGDXX,Grill elektryczny,GRILL,Russell Hobbs,RUSSE
AGD,AGDXX,Gofrownica,GOFRO,Russell Hobbs,RUSSE
AGD,AGDXX,Frytkownica,FRYTK,Russell Hobbs,RUSSE
AGD,AGDXX,Wyciskarka do soku,WYCIS,Russell Hobbs,RUSSE
AGD,AGDXX,Opiekacz,OPIEK,Russell Hobbs,RUSSE
AGD,AGDXX,Żelazko,ZELAZ,Russell Hobbs,RUSSE
AGD,AGDXX,Parownice i stacje parowe,PAROW,Russell Hobbs,RUSSE
AGD,AGDXX,Okap kuchenny,OKAPK,Russell Hobbs,RUSSE
AGD,AGDXX,Mikrofalówka,MIKRO,Russell Hobbs,RUSSE
AGD,AGDXX,Ekspres do kawy,EKSPR,Russell Hobbs,RUSSE
AGD,AGDXX,Odkurzacz,ODKUR,Russell Hobbs,RUSSE
AGD,AGDXX,Toster,TOSTE,Russell Hobbs,RUSSE
AGD,AGDXX,Mikser,MIKSE,Russell Hobbs,RUSSE
AGD,AGDXX,Odkurzacz,ODKUR,Ryobi,RYOBI
AGD,AGDXX,Ekspres do kawy,EKSPR,Saeco,SAECO
AGD,AGDXX,Czajnik elektryczny,CZAJN,Sage,SAGEX
AGD,AGDXX,Robot kuchenny,ROBOT,Sage,SAGEX
AGD,AGDXX,Grill elektryczny,GRILL,Sage,SAGEX
AGD,AGDXX,Ekspres do kawy,EKSPR,Sage,SAGEX
AGD,AGDXX,Prostownica ,PROST,Saint Algue,SAINT
AGD,AGDXX,Lodówka,LODOW,Sam Cook,SAMCO
AGD,AGDXX,Lodówka,LODOW,Samsung,SAMSU
AGD,AGDXX,Zamrażarka,ZAMRA,Samsung,SAMSU
AGD,AGDXX,Płyty grzewcze,PLYTY,Samsung,SAMSU
AGD,AGDXX,Oczyszczacz powietrza,OCZYS,Samsung,SAMSU
AGD,AGDXX,Okap kuchenny,OKAPK,Samsung,SAMSU
AGD,AGDXX,Mikrofalówka,MIKRO,Samsung,SAMSU
AGD,AGDXX,Suszarka do prania,SUSZ1,Samsung,SAMSU
AGD,AGDXX,Pralka,PRALK,Samsung,SAMSU
AGD,AGDXX,Zmywarka,ZMYWA,Samsung,SAMSU
AGD,AGDXX,Piekarnik,PIEKA,Samsung,SAMSU
AGD,AGDXX,Odkurzacz,ODKUR,Samsung,SAMSU
AGD,AGDXX,Lodówka,LODOW,Saro,SAROX
AGD,AGDXX,Szczoteczka do zębów,SZCZO,Seago,SEAGO
AGD,AGDXX,Odkurzacz,ODKUR,Sebo,SEBOX
AGD,AGDXX,Osuszacz powietrza,OSUSZ,Sedan,SEDAN
AGD,AGDXX,Okap kuchenny,OKAPK,SeeNERGY,SEENE
AGD,AGDXX,Czajnik elektryczny,CZAJN,Sencor,SENCO
AGD,AGDXX,Robot kuchenny,ROBOT,Sencor,SENCO
AGD,AGDXX,Golarka elektryczna,GOLAR,Sencor,SENCO
AGD,AGDXX,Lokówka,LOKOW,Sencor,SENCO
AGD,AGDXX,Blender,BLEND,Sencor,SENCO
AGD,AGDXX,Grill elektryczny,GRILL,Sencor,SENCO
AGD,AGDXX,Frytkownica,FRYTK,Sencor,SENCO
AGD,AGDXX,Maszynka do mielenia,MASZY,Sencor,SENCO
AGD,AGDXX,Wyciskarka do soku,WYCIS,Sencor,SENCO
AGD,AGDXX,Suszarka spożywcza,SUSZ3,Sencor,SENCO
AGD,AGDXX,Opiekacz,OPIEK,Sencor,SENCO
AGD,AGDXX,Prostownica ,PROST,Sencor,SENCO
AGD,AGDXX,Żelazko,ZELAZ,Sencor,SENCO
AGD,AGDXX,Mop parowy,MOPPA,Sencor,SENCO
AGD,AGDXX,Oczyszczacz powietrza,OCZYS,Sencor,SENCO
AGD,AGDXX,Mikrofalówka,MIKRO,Sencor,SENCO
AGD,AGDXX,Ekspres do kawy,EKSPR,Sencor,SENCO
AGD,AGDXX,Odkurzacz,ODKUR,Sencor,SENCO
AGD,AGDXX,Suszarka do włosów,SUSZ2,Sencor,SENCO
AGD,AGDXX,Szczoteczka do zębów,SZCZO,Sencor,SENCO
AGD,AGDXX,Waga łazienkowa,WAGAL,Sencor,SENCO
AGD,AGDXX,Mikser,MIKSE,Sencor,SENCO
AGD,AGDXX,Ekspres do kawy,EKSPR,Senseo,SENSE
AGD,AGDXX,Czajnik elektryczny,CZAJN,Severin,SEVER
AGD,AGDXX,Lodówka,LODOW,Severin,SEVER
AGD,AGDXX,Robot kuchenny,ROBOT,Severin,SEVER
AGD,AGDXX,Blender,BLEND,Severin,SEVER
AGD,AGDXX,Grill elektryczny,GRILL,Severin,SEVER
AGD,AGDXX,Frytkownica,FRYTK,Severin,SEVER
AGD,AGDXX,Wyciskarka do soku,WYCIS,Severin,SEVER
AGD,AGDXX,Opiekacz,OPIEK,Severin,SEVER
AGD,AGDXX,Żelazko,ZELAZ,Severin,SEVER
AGD,AGDXX,Odkurzacz,ODKUR,Severin,SEVER
AGD,AGDXX,Ekspres do kawy,EKSPR,Severin,SEVER
AGD,AGDXX,Mikrofalówka,MIKRO,Severin,SEVER
AGD,AGDXX,Toster,TOSTE,Severin,SEVER
AGD,AGDXX,Mikser,MIKSE,Severin,SEVER
AGD,AGDXX,Szczoteczka do zębów,SZCZO,SEYSSO,SEYSS
AGD,AGDXX,Lokówka,LOKOW,Shark,SHARK
AGD,AGDXX,Mop parowy,MOPPA,Shark,SHARK
AGD,AGDXX,Odkurzacz,ODKUR,Shark,SHARK
AGD,AGDXX,Lodówka,LODOW,Sharp,SHARP
AGD,AGDXX,Płyty grzewcze,PLYTY,Sharp,SHARP
AGD,AGDXX,Oczyszczacz powietrza,OCZYS,Sharp,SHARP
AGD,AGDXX,Nawilżacz powietrza,NAWIL,Sharp,SHARP
AGD,AGDXX,Okap kuchenny,OKAPK,Sharp,SHARP
AGD,AGDXX,Mikrofalówka,MIKRO,Sharp,SHARP
AGD,AGDXX,Suszarka do prania,SUSZ1,Sharp,SHARP
AGD,AGDXX,Pralka,PRALK,Sharp,SHARP
AGD,AGDXX,Zmywarka,ZMYWA,Sharp,SHARP
AGD,AGDXX,Piekarnik,PIEKA,Sharp,SHARP
AGD,AGDXX,Odkurzacz,ODKUR,Sharp,SHARP
AGD,AGDXX,Szczoteczka do zębów,SZCZO,SHONA,SHONA
AGD,AGDXX,Lodówka,LODOW,Siemens,SIEME
AGD,AGDXX,Zamrażarka,ZAMRA,Siemens,SIEME
AGD,AGDXX,Płyty grzewcze,PLYTY,Siemens,SIEME
AGD,AGDXX,Okap kuchenny,OKAPK,Siemens,SIEME
AGD,AGDXX,Mikrofalówka,MIKRO,Siemens,SIEME
AGD,AGDXX,Suszarka do prania,SUSZ1,Siemens,SIEME
AGD,AGDXX,Ekspres do kawy,EKSPR,Siemens,SIEME
AGD,AGDXX,Pralka,PRALK,Siemens,SIEME
AGD,AGDXX,Zmywarka,ZMYWA,Siemens,SIEME
AGD,AGDXX,Piekarnik,PIEKA,Siemens,SIEME
AGD,AGDXX,Odkurzacz,ODKUR,Siemens,SIEME
AGD,AGDXX,Lodówka,LODOW,Sigma,SIGMA
AGD,AGDXX,Depilator,DEPIL,Silk'n,SILKN
AGD,AGDXX,Szczoteczka do zębów,SZCZO,Silk'n,SILKN
AGD,AGDXX,Czajnik elektryczny,CZAJN,SilverCrest,SILVE
AGD,AGDXX,Depilator,DEPIL,SilverCrest,SILVE
AGD,AGDXX,Robot kuchenny,ROBOT,SilverCrest,SILVE
AGD,AGDXX,Golarka elektryczna,GOLAR,SilverCrest,SILVE
AGD,AGDXX,Lokówka,LOKOW,SilverCrest,SILVE
AGD,AGDXX,Blender,BLEND,SilverCrest,SILVE
AGD,AGDXX,Frytkownica,FRYTK,SilverCrest,SILVE
AGD,AGDXX,Maszynka do mielenia,MASZY,SilverCrest,SILVE
AGD,AGDXX,Wyciskarka do soku,WYCIS,SilverCrest,SILVE
AGD,AGDXX,Opiekacz,OPIEK,SilverCrest,SILVE
AGD,AGDXX,Prostownica ,PROST,SilverCrest,SILVE
AGD,AGDXX,Żelazko,ZELAZ,SilverCrest,SILVE
AGD,AGDXX,Mop parowy,MOPPA,SilverCrest,SILVE
AGD,AGDXX,Parownice i stacje parowe,PAROW,SilverCrest,SILVE
AGD,AGDXX,Ekspres do kawy,EKSPR,SilverCrest,SILVE
AGD,AGDXX,Suszarka do włosów,SUSZ2,SilverCrest,SILVE
AGD,AGDXX,Toster,TOSTE,SilverCrest,SILVE
AGD,AGDXX,Mikser,MIKSE,SilverCrest,SILVE
AGD,AGDXX,Płyty grzewcze,PLYTY,Simfer,SIMFE
AGD,AGDXX,Piekarnik,PIEKA,Simfer,SIMFE
AGD,AGDXX,Golarka elektryczna,GOLAR,Skull Shaver,SKUL2
AGD,AGDXX,Czajnik elektryczny,CZAJN,SMAPP,SMAPP
AGD,AGDXX,Maszynka do mielenia,MASZY,SMAPP,SMAPP
AGD,AGDXX,Oczyszczacz powietrza,OCZYS,SMAPP,SMAPP
AGD,AGDXX,Mikser,MIKSE,SMAPP,SMAPP
AGD,AGDXX,Nawilżacz powietrza,NAWIL,Smartmi,SMAR2
AGD,AGDXX,Czajnik elektryczny,CZAJN,Smeg,SMEGX
AGD,AGDXX,Kuchenka,KUCHE,Smeg,SMEGX
AGD,AGDXX,Lodówka,LODOW,Smeg,SMEGX
AGD,AGDXX,Robot kuchenny,ROBOT,Smeg,SMEGX
AGD,AGDXX,Blender,BLEND,Smeg,SMEGX
AGD,AGDXX,Frytkownica,FRYTK,Smeg,SMEGX
AGD,AGDXX,Wyciskarka do soku,WYCIS,Smeg,SMEGX
AGD,AGDXX,Płyty grzewcze,PLYTY,Smeg,SMEGX
AGD,AGDXX,Okap kuchenny,OKAPK,Smeg,SMEGX
AGD,AGDXX,Mikrofalówka,MIKRO,Smeg,SMEGX
AGD,AGDXX,Suszarka do prania,SUSZ1,Smeg,SMEGX
AGD,AGDXX,Ekspres do kawy,EKSPR,Smeg,SMEGX
AGD,AGDXX,Pralka,PRALK,Smeg,SMEGX
AGD,AGDXX,Zmywarka,ZMYWA,Smeg,SMEGX
AGD,AGDXX,Piekarnik,PIEKA,Smeg,SMEGX
AGD,AGDXX,Toster,TOSTE,Smeg,SMEGX
AGD,AGDXX,Mikser,MIKSE,Smeg,SMEGX
AGD,AGDXX,Szczoteczka do zębów,SZCZO,Smilesonic,SMIL2
AGD,AGDXX,Szczoteczka do zębów,SZCZO,Smiley,SMIL1
AGD,AGDXX,Lodówka,LODOW,Smith&Brown,SMITH
AGD,AGDXX,Zamrażarka,ZAMRA,Smith&Brown,SMITH
AGD,AGDXX,Maszynka do mielenia,MASZY,Smukee,SMUKE
AGD,AGDXX,Ekspres do kawy,EKSPR,Solac,SOLAC
AGD,AGDXX,Płyty grzewcze,PLYTY,Solgaz,SOLGA
AGD,AGDXX,Piekarnik,PIEKA,Solgaz,SOLGA
AGD,AGDXX,Ekspres do kawy,EKSPR,Solis,SOLIS
AGD,AGDXX,Depilator,DEPIL,Sonax Pro,SONAX
AGD,AGDXX,Szczoteczka do zębów,SZCZO,Soocas,SOOCA
AGD,AGDXX,Grill elektryczny,GRILL,Spring,SPRIN
AGD,AGDXX,Oczyszczacz powietrza,OCZYS,Stadler Form,STADL
AGD,AGDXX,Osuszacz powietrza,OSUSZ,Stadler Form,STADL
AGD,AGDXX,Nawilżacz powietrza,NAWIL,Stadler Form,STADL
AGD,AGDXX,Parownice i stacje parowe,PAROW,SteamOne,STEAM
AGD,AGDXX,Suszarka do włosów,SUSZ2,Stella,STELL
AGD,AGDXX,Nawilżacz powietrza,NAWIL,Stylies,STYLI
AGD,AGDXX,Osuszacz powietrza,OSUSZ,Suntec,SUNTE
AGD,AGDXX,Golarka elektryczna,GOLAR,Surker,SURKE
AGD,AGDXX,Odkurzacz,ODKUR,Swan,SWANX
AGD,AGDXX,Mikrofalówka,MIKRO,Swan,SWANX
AGD,AGDXX,Lokówka,LOKOW,T3,T3XXX
AGD,AGDXX,Prostownica ,PROST,T3,T3XXX
AGD,AGDXX,Waga łazienkowa,WAGAL,Tanita,TANIT
AGD,AGDXX,Ekspres do kawy,EKSPR,TASSIMO,TASSI
AGD,AGDXX,Frytkownica,FRYTK,Taurus,TAURU
AGD,AGDXX,Odkurzacz,ODKUR,Taurus,TAURU
AGD,AGDXX,Ekspres do kawy,EKSPR,Taurus,TAURU
AGD,AGDXX,Ekspres do kawy,EKSPR,Tchibo,TCHIB
AGD,AGDXX,Lodówka,LODOW,TCL,TCLXX
AGD,AGDXX,Pralka,PRALK,TCL,TCLXX
AGD,AGDXX,Odkurzacz,ODKUR,TCL,TCLXX
AGD,AGDXX,Czajnik elektryczny,CZAJN,TEESA,TEESA
AGD,AGDXX,Robot kuchenny,ROBOT,TEESA,TEESA
AGD,AGDXX,Golarka elektryczna,GOLAR,TEESA,TEESA
AGD,AGDXX,Gofrownica,GOFRO,TEESA,TEESA
AGD,AGDXX,Wyciskarka do soku,WYCIS,TEESA,TEESA
AGD,AGDXX,Suszarka spożywcza,SUSZ3,TEESA,TEESA
AGD,AGDXX,Opiekacz,OPIEK,TEESA,TEESA
AGD,AGDXX,Prostownica ,PROST,TEESA,TEESA
AGD,AGDXX,Żelazko,ZELAZ,TEESA,TEESA
AGD,AGDXX,Mop parowy,MOPPA,TEESA,TEESA
AGD,AGDXX,Oczyszczacz powietrza,OCZYS,TEESA,TEESA
AGD,AGDXX,Parownice i stacje parowe,PAROW,TEESA,TEESA
AGD,AGDXX,Nawilżacz powietrza,NAWIL,TEESA,TEESA
AGD,AGDXX,Odkurzacz,ODKUR,TEESA,TEESA
AGD,AGDXX,Ekspres do kawy,EKSPR,TEESA,TEESA
AGD,AGDXX,Suszarka do włosów,SUSZ2,TEESA,TEESA
AGD,AGDXX,Mikser,MIKSE,TEESA,TEESA
AGD,AGDXX,Czajnik elektryczny,CZAJN,Tefal,TEFAL
AGD,AGDXX,Robot kuchenny,ROBOT,Tefal,TEFAL
AGD,AGDXX,Blender,BLEND,Tefal,TEFAL
AGD,AGDXX,Grill elektryczny,GRILL,Tefal,TEFAL
AGD,AGDXX,Gofrownica,GOFRO,Tefal,TEFAL
AGD,AGDXX,Frytkownica,FRYTK,Tefal,TEFAL
AGD,AGDXX,Maszynka do mielenia,MASZY,Tefal,TEFAL
AGD,AGDXX,Opiekacz,OPIEK,Tefal,TEFAL
AGD,AGDXX,Żelazko,ZELAZ,Tefal,TEFAL
AGD,AGDXX,Mop parowy,MOPPA,Tefal,TEFAL
AGD,AGDXX,Parownice i stacje parowe,PAROW,Tefal,TEFAL
AGD,AGDXX,Ekspres do kawy,EKSPR,Tefal,TEFAL
AGD,AGDXX,Odkurzacz,ODKUR,Tefal,TEFAL
AGD,AGDXX,Toster,TOSTE,Tefal,TEFAL
AGD,AGDXX,Mikser,MIKSE,Tefal,TEFAL
AGD,AGDXX,Lodówka,LODOW,Teka,TEKAX
AGD,AGDXX,Płyty grzewcze,PLYTY,Teka,TEKAX
AGD,AGDXX,Piekarnik,PIEKA,Teka,TEKAX
AGD,AGDXX,Zmywarka,ZMYWA,Teka,TEKAX
AGD,AGDXX,Mikrofalówka,MIKRO,Teka,TEKAX
AGD,AGDXX,Okap kuchenny,OKAPK,Teka,TEKAX
AGD,AGDXX,Waga łazienkowa,WAGAL,Terraillon,TERRA
AGD,AGDXX,Blender,BLEND,Tesla,TESLA
AGD,AGDXX,Frytkownica,FRYTK,Tesla,TESLA
AGD,AGDXX,Oczyszczacz powietrza,OCZYS,Tesla,TESLA
AGD,AGDXX,Odkurzacz,ODKUR,Tesla,TESLA
AGD,AGDXX,Szczoteczka do zębów,SZCZO,Tesla,TESLA
AGD,AGDXX,Waga łazienkowa,WAGAL,Tesla,TESLA
AGD,AGDXX,Parownice i stacje parowe,PAROW,Texi,TEXIX
AGD,AGDXX,Robot kuchenny,ROBOT,Thermomix,THER3
AGD,AGDXX,Odkurzacz,ODKUR,Thomas,THOMA
AGD,AGDXX,Mikser,MIKSE,TIROSS,TIROS
AGD,AGDXX,Opiekacz,OPIEK,Titanum,TITAN
AGD,AGDXX,Ekspres do kawy,EKSPR,TM Electron,TMELE
AGD,AGDXX,Okap kuchenny,OKAPK,Toflesz,TOFLE
AGD,AGDXX,Lodówka,LODOW,Toshiba,TOSHI
AGD,AGDXX,Oczyszczacz powietrza,OCZYS,Toshiba,TOSHI
AGD,AGDXX,Mikrofalówka,MIKRO,Toshiba,TOSHI
AGD,AGDXX,Pralka,PRALK,Toshiba,TOSHI
AGD,AGDXX,Odkurzacz,ODKUR,Toshiba,TOSHI
AGD,AGDXX,Robot kuchenny,ROBOT,Transa Electronics,TRAN2
AGD,AGDXX,Golarka elektryczna,GOLAR,Trisa,TRISA
AGD,AGDXX,Ekspres do kawy,EKSPR,Trisa,TRISA
AGD,AGDXX,Robot kuchenny,ROBOT,Tristar,TRIST
AGD,AGDXX,Gofrownica,GOFRO,Tristar,TRIST
AGD,AGDXX,Frytkownica,FRYTK,Tristar,TRIST
AGD,AGDXX,Wyciskarka do soku,WYCIS,Tristar,TRIST
AGD,AGDXX,Opiekacz,OPIEK,Tristar,TRIST
AGD,AGDXX,Płyty grzewcze,PLYTY,Tristar,TRIST
AGD,AGDXX,Ekspres do kawy,EKSPR,Tristar,TRIST
AGD,AGDXX,Mikser,MIKSE,Tristar,TRIST
AGD,AGDXX,Osuszacz powietrza,OSUSZ,Trotec,TROTE
AGD,AGDXX,Nawilżacz powietrza,NAWIL,Trotec,TROTE
AGD,AGDXX,Oczyszczacz powietrza,OCZYS,TrueLife,TRUEL
AGD,AGDXX,Szczoteczka do zębów,SZCZO,TrueLife,TRUEL
AGD,AGDXX,Waga łazienkowa,WAGAL,TrueLife,TRUEL
AGD,AGDXX,Robot kuchenny,ROBOT,TurboTronic,TURBO
AGD,AGDXX,Frytkownica,FRYTK,TurboTronic,TURBO
AGD,AGDXX,Suszarka spożywcza,SUSZ3,TurboTronic,TURBO
AGD,AGDXX,Ekspres do kawy,EKSPR,Ufesa,UFESA
AGD,AGDXX,Depilator,DEPIL,Ulike,ULIKE
AGD,AGDXX,Parownice i stacje parowe,PAROW,Ulsonix,ULSON
AGD,AGDXX,Oczyszczacz powietrza,OCZYS,Uniprodo,UNIPR
AGD,AGDXX,Szczoteczka do zębów,SZCZO,U-Smiler,USMIL
AGD,AGDXX,Suszarka do włosów,SUSZ2,Valera,VALER
AGD,AGDXX,Okap kuchenny,OKAPK,VDB,VDBXX
AGD,AGDXX,Depilator,DEPIL,Veme,VEMEX
AGD,AGDXX,Robot kuchenny,ROBOT,Venga,VENGA
AGD,AGDXX,Oczyszczacz powietrza,OCZYS,Venta,VENTA
AGD,AGDXX,Nawilżacz powietrza,NAWIL,Venta,VENTA
AGD,AGDXX,Depilator,DEPIL,Verk Group,VERKG
AGD,AGDXX,Kuchenka,KUCHE,Vestfrost,VESTF
AGD,AGDXX,Lodówka,LODOW,Vestfrost,VESTF
AGD,AGDXX,Oczyszczacz powietrza,OCZYS,Vestfrost,VESTF
AGD,AGDXX,Nawilżacz powietrza,NAWIL,Vestfrost,VESTF
AGD,AGDXX,Okap kuchenny,OKAPK,Vestfrost,VESTF
AGD,AGDXX,Mikser,MIKSE,VICCIO,VICCI
AGD,AGDXX,Robot kuchenny,ROBOT,VidaXL,VIDAX
AGD,AGDXX,Grill elektryczny,GRILL,VidaXL,VIDAX
AGD,AGDXX,Płyty grzewcze,PLYTY,VidaXL,VIDAX
AGD,AGDXX,Piekarnik,PIEKA,VidaXL,VIDAX
AGD,AGDXX,Okap kuchenny,OKAPK,VidaXL,VIDAX
AGD,AGDXX,Mop parowy,MOPPA,Vileda,VILED
AGD,AGDXX,Parownice i stacje parowe,PAROW,Vileda,VILED
AGD,AGDXX,Odkurzacz,ODKUR,Vileda,VILED
AGD,AGDXX,Blender,BLEND,Vitamix,VITA2
AGD,AGDXX,Szczoteczka do zębów,SZCZO,VITAMMY,VITA1
AGD,AGDXX,Lodówka,LODOW,Vivax,VIVAX
AGD,AGDXX,Zamrażarka,ZAMRA,Vivax,VIVAX
AGD,AGDXX,Mikrofalówka,MIKRO,Vivax,VIVAX
AGD,AGDXX,Pralka,PRALK,Vivax,VIVAX
AGD,AGDXX,Robot kuchenny,ROBOT,Vorwerk,VORWE
AGD,AGDXX,Kuchenka,KUCHE,Voss,VOSSX
AGD,AGDXX,Ekspres do kawy,EKSPR,Wacaco,WACAC
AGD,AGDXX,Golarka elektryczna,GOLAR,Wahl,WAHLX
AGD,AGDXX,Lokówka,LOKOW,Wahl,WAHLX
AGD,AGDXX,Prostownica ,PROST,Wahl,WAHLX
AGD,AGDXX,Suszarka do włosów,SUSZ2,Wahl,WAHLX
AGD,AGDXX,Blender,BLEND,Waring,WARIN
AGD,AGDXX,Oczyszczacz powietrza,OCZYS,Warmtec,WARMT
AGD,AGDXX,Osuszacz powietrza,OSUSZ,Warmtec,WARMT
AGD,AGDXX,Blender,BLEND,Wartmann,WARTM
AGD,AGDXX,Szczoteczka do zębów,SZCZO,Waterpik,WATER
AGD,AGDXX,Depilator,DEPIL,Webber,WEBBE
AGD,AGDXX,Oczyszczacz powietrza,OCZYS,Webber,WEBBE
AGD,AGDXX,Osuszacz powietrza,OSUSZ,Webber,WEBBE
AGD,AGDXX,Nawilżacz powietrza,NAWIL,Webber,WEBBE
AGD,AGDXX,Osuszacz powietrza,OSUSZ,Welltec,WELLT
AGD,AGDXX,Kuchenka,KUCHE,Whirlpool,WHIRL
AGD,AGDXX,Lodówka,LODOW,Whirlpool,WHIRL
AGD,AGDXX,Zamrażarka,ZAMRA,Whirlpool,WHIRL
AGD,AGDXX,Grill elektryczny,GRILL,Whirlpool,WHIRL
AGD,AGDXX,Płyty grzewcze,PLYTY,Whirlpool,WHIRL
AGD,AGDXX,Okap kuchenny,OKAPK,Whirlpool,WHIRL
AGD,AGDXX,Mikrofalówka,MIKRO,Whirlpool,WHIRL
AGD,AGDXX,Suszarka do prania,SUSZ1,Whirlpool,WHIRL
AGD,AGDXX,Ekspres do kawy,EKSPR,Whirlpool,WHIRL
AGD,AGDXX,Pralka,PRALK,Whirlpool,WHIRL
AGD,AGDXX,Zmywarka,ZMYWA,Whirlpool,WHIRL
AGD,AGDXX,Piekarnik,PIEKA,Whirlpool,WHIRL
AGD,AGDXX,Golarka elektryczna,GOLAR,Wilkinson,WILKI
AGD,AGDXX,Oczyszczacz powietrza,OCZYS,Winix,WINIX
AGD,AGDXX,Nawilżacz powietrza,NAWIL,Winix,WINIX
AGD,AGDXX,Waga łazienkowa,WAGAL,Withings,WITHI
AGD,AGDXX,Blender,BLEND,WMF,WMFXX
AGD,AGDXX,Grill elektryczny,GRILL,WMF,WMFXX
AGD,AGDXX,Frytkownica,FRYTK,WMF,WMFXX
AGD,AGDXX,Suszarka spożywcza,SUSZ3,WMF,WMFXX
AGD,AGDXX,Ekspres do kawy,EKSPR,WMF,WMFXX
AGD,AGDXX,Mikser,MIKSE,WMF,WMFXX
AGD,AGDXX,Osuszacz powietrza,OSUSZ,Woods,WOODS
AGD,AGDXX,Płyty grzewcze,PLYTY,Xberg,XBERG
AGD,AGDXX,Czajnik elektryczny,CZAJN,Xiaomi,XIAOM
AGD,AGDXX,Robot kuchenny,ROBOT,Xiaomi,XIAOM
AGD,AGDXX,Golarka elektryczna,GOLAR,Xiaomi,XIAOM
AGD,AGDXX,Lokówka,LOKOW,Xiaomi,XIAOM
AGD,AGDXX,Blender,BLEND,Xiaomi,XIAOM
AGD,AGDXX,Frytkownica,FRYTK,Xiaomi,XIAOM
AGD,AGDXX,Prostownica ,PROST,Xiaomi,XIAOM
AGD,AGDXX,Żelazko,ZELAZ,Xiaomi,XIAOM
AGD,AGDXX,Oczyszczacz powietrza,OCZYS,Xiaomi,XIAOM
AGD,AGDXX,Osuszacz powietrza,OSUSZ,Xiaomi,XIAOM
AGD,AGDXX,Nawilżacz powietrza,NAWIL,Xiaomi,XIAOM
AGD,AGDXX,Odkurzacz,ODKUR,Xiaomi,XIAOM
AGD,AGDXX,Suszarka do włosów,SUSZ2,Xiaomi,XIAOM
AGD,AGDXX,Szczoteczka do zębów,SZCZO,Xiaomi,XIAOM
AGD,AGDXX,Waga łazienkowa,WAGAL,Xiaomi,XIAOM
AGD,AGDXX,Szczoteczka do zębów,SZCZO,Yase,YASEX
AGD,AGDXX,Szczoteczka do zębów,SZCZO,YmBlack,YMBLA
AGD,AGDXX,Blender,BLEND,Yoer,YOERX
AGD,AGDXX,Grill elektryczny,GRILL,Yoer,YOERX
AGD,AGDXX,Frytkownica,FRYTK,Yoer,YOERX
AGD,AGDXX,Suszarka spożywcza,SUSZ3,Yoer,YOERX
AGD,AGDXX,Ekspres do kawy,EKSPR,Yoer,YOERX
AGD,AGDXX,Kuchenka,KUCHE,Zanussi,ZANUS
AGD,AGDXX,Lodówka,LODOW,Zanussi,ZANUS
AGD,AGDXX,Waga łazienkowa,WAGAL,Zeegma,ZEEGM
AGD,AGDXX,Robot kuchenny,ROBOT,Zeegma,ZEEGM
AGD,AGDXX,Blender,BLEND,Zeegma,ZEEGM
AGD,AGDXX,Grill elektryczny,GRILL,Zeegma,ZEEGM
AGD,AGDXX,Frytkownica,FRYTK,Zeegma,ZEEGM
AGD,AGDXX,Maszynka do mielenia,MASZY,Zeegma,ZEEGM
AGD,AGDXX,Mop parowy,MOPPA,Zeegma,ZEEGM
AGD,AGDXX,Odkurzacz,ODKUR,Zeegma,ZEEGM
AGD,AGDXX,Czajnik elektryczny,CZAJN,Zelmer,ZELME
AGD,AGDXX,Robot kuchenny,ROBOT,Zelmer,ZELME
AGD,AGDXX,Blender,BLEND,Zelmer,ZELME
AGD,AGDXX,Grill elektryczny,GRILL,Zelmer,ZELME
AGD,AGDXX,Gofrownica,GOFRO,Zelmer,ZELME
AGD,AGDXX,Frytkownica,FRYTK,Zelmer,ZELME
AGD,AGDXX,Maszynka do mielenia,MASZY,Zelmer,ZELME
AGD,AGDXX,Suszarka spożywcza,SUSZ3,Zelmer,ZELME
AGD,AGDXX,Opiekacz,OPIEK,Zelmer,ZELME
AGD,AGDXX,Żelazko,ZELAZ,Zelmer,ZELME
AGD,AGDXX,Parownice i stacje parowe,PAROW,Zelmer,ZELME
AGD,AGDXX,Okap kuchenny,OKAPK,Zelmer,ZELME
AGD,AGDXX,Mikrofalówka,MIKRO,Zelmer,ZELME
AGD,AGDXX,Ekspres do kawy,EKSPR,Zelmer,ZELME
AGD,AGDXX,Zmywarka,ZMYWA,Zelmer,ZELME
AGD,AGDXX,Piekarnik,PIEKA,Zelmer,ZELME
AGD,AGDXX,Odkurzacz,ODKUR,Zelmer,ZELME
AGD,AGDXX,Mikser,MIKSE,Zelmer,ZELME
AGD,AGDXX,Oczyszczacz powietrza,OCZYS,Zepter,ZEPTE
AGD,AGDXX,Czajnik elektryczny,CZAJN,Zwilling,ZWILL
AGD,AGDXX,Blender,BLEND,Zwilling,ZWILL
AGD,AGDXX,Frytkownica,FRYTK,Zwilling,ZWILL
AGD,AGDXX,Ekspres do kawy,EKSPR,Zwilling,ZWILL
Foto i kamery,FOTOI,Kamera monitoringu,KAMER,Annke,ANNKE
Foto i kamery,FOTOI,Kamera monitoringu,KAMER,Arlo,ARLOX
Foto i kamery,FOTOI,Dron,DRONX,Autel,AUTEL
Foto i kamery,FOTOI,Kamera monitoringu,KAMER,Axis Communications,AXISC
Foto i kamery,FOTOI,Aparat cyfrowy,APARA,Bedee,BEDEE
Foto i kamery,FOTOI,Dron,DRONX,BetaFPV,BETAF
Foto i kamery,FOTOI,Kamera monitoringu,KAMER,Bosch,BOSCH
Foto i kamery,FOTOI,Aparat cyfrowy,APARA,Canon,CANON
Foto i kamery,FOTOI,Dron,DRONX,Carson,CARSO
Foto i kamery,FOTOI,Dron,DRONX,Chasing,CHASI
Foto i kamery,FOTOI,Kamera monitoringu,KAMER,Dahua,DAHUA
Foto i kamery,FOTOI,Dron,DRONX,DJI,DJIXX
Foto i kamery,FOTOI,Kamera monitoringu,KAMER,D-Link,DLINK
Foto i kamery,FOTOI,Kamera monitoringu,KAMER,Eufy,EUFYX
Foto i kamery,FOTOI,Kamera monitoringu,KAMER,Ezviz,EZVIZ
Foto i kamery,FOTOI,Dron,DRONX,Fimi,FIMIX
Foto i kamery,FOTOI,Kamera monitoringu,KAMER,Foscam,FOSCA
Foto i kamery,FOTOI,Dron,DRONX,Freewell,FREEW
Foto i kamery,FOTOI,Aparat cyfrowy,APARA,Fujifilm,FUJIF
Foto i kamery,FOTOI,Kamera monitoringu,KAMER,Google,GOOGL
Foto i kamery,FOTOI,Aparat cyfrowy,APARA,Hasselblad,HASSE
Foto i kamery,FOTOI,Kamera monitoringu,KAMER,Hikvision,HIKVI
Foto i kamery,FOTOI,Dron,DRONX,HolyStone,HOLYS
Foto i kamery,FOTOI,Kamera monitoringu,KAMER,Imou,IMOUX
Foto i kamery,FOTOI,Dron,DRONX,INDYGO,INDYG
Foto i kamery,FOTOI,Dron,DRONX,Jamara,JAMAR
Foto i kamery,FOTOI,Aparat cyfrowy,APARA,Konica-Minolta,KONIC
Foto i kamery,FOTOI,Dron,DRONX,Kontext,KONTE
Foto i kamery,FOTOI,Aparat cyfrowy,APARA,Leica,LEICA
Foto i kamery,FOTOI,Aparat cyfrowy,APARA,Levenhuk,LEVEN
Foto i kamery,FOTOI,Kamera monitoringu,KAMER,Lorex,LOREX
Foto i kamery,FOTOI,Dron,DRONX,Lsrc,LSRCX
Foto i kamery,FOTOI,Dron,DRONX,Memfis,MEMFI
Foto i kamery,FOTOI,Kamera monitoringu,KAMER,Netatmo,NETAT
Foto i kamery,FOTOI,Aparat cyfrowy,APARA,Nikon,NIKON
Foto i kamery,FOTOI,Aparat cyfrowy,APARA,Olympus,OLYMP
Foto i kamery,FOTOI,Dron,DRONX,Overmax,OVERM
Foto i kamery,FOTOI,Aparat cyfrowy,APARA,Panasonic,PANAS
Foto i kamery,FOTOI,Dron,DRONX,Parrot,PARRO
Foto i kamery,FOTOI,Aparat cyfrowy,APARA,Pentax,PENTA
Foto i kamery,FOTOI,Dron,DRONX,Potensic,POTEN
Foto i kamery,FOTOI,Dron,DRONX,Rebel,REBE2
Foto i kamery,FOTOI,Dron,DRONX,Reely,REELY
Foto i kamery,FOTOI,Kamera monitoringu,KAMER,Reolink,REOLI
Foto i kamery,FOTOI,Kamera monitoringu,KAMER,Ring,RINGX
Foto i kamery,FOTOI,Aparat cyfrowy,APARA,Samsung,SAMSU
Foto i kamery,FOTOI,Dron,DRONX,Sentry,SENTR
Foto i kamery,FOTOI,Aparat cyfrowy,APARA,Sigma,SIGMA
Foto i kamery,FOTOI,Aparat cyfrowy,APARA,Sony,SONYX
Foto i kamery,FOTOI,Dron,DRONX,Spreest,SPREE
Foto i kamery,FOTOI,Dron,DRONX,STARTRC,START
Foto i kamery,FOTOI,Dron,DRONX,Sunnylife,SUNNY
Foto i kamery,FOTOI,Kamera monitoringu,KAMER,Swann,SWANN
Foto i kamery,FOTOI,Dron,DRONX,Syma,SYMAX
Foto i kamery,FOTOI,Kamera monitoringu,KAMER,TP-Link,TPLIN
Foto i kamery,FOTOI,Kamera monitoringu,KAMER,Uniview,UNIVI
Foto i kamery,FOTOI,Kamera monitoringu,KAMER,Vivotek,VIVOT
Foto i kamery,FOTOI,Dron,DRONX,Xiaomi,XIAOM
Foto i kamery,FOTOI,Dron,DRONX,Yuneec,YUNEE
Fotowoltaika,FOTOW,Falownik,FALOW,ABB,ABBXX
Fotowoltaika,FOTOW,Falownik,FALOW,Danfoss,DANFO
Fotowoltaika,FOTOW,Falownik,FALOW,Delta,DELTA
Fotowoltaika,FOTOW,Falownik,FALOW,Eaton,EATON
Fotowoltaika,FOTOW,Falownik,FALOW,Ebmia,EBMIA
Fotowoltaika,FOTOW,Falownik,FALOW,F&F,FFXXX
Fotowoltaika,FOTOW,Falownik,FALOW,Fanuc,FANUC
Fotowoltaika,FOTOW,Falownik,FALOW,Huawei,HUAWE
Fotowoltaika,FOTOW,Falownik,FALOW,Hydrolider,HYDR3
Fotowoltaika,FOTOW,Falownik,FALOW,Hyundai,HYUND
Fotowoltaika,FOTOW,Falownik,FALOW,KEB,KEBXX
Fotowoltaika,FOTOW,Falownik,FALOW,Lenze,LENZE
Fotowoltaika,FOTOW,Falownik,FALOW,LG,LGXXX
Fotowoltaika,FOTOW,Falownik,FALOW,LS ELECTRIC,LSELE
Fotowoltaika,FOTOW,Falownik,FALOW,Lsis,LSISX
Fotowoltaika,FOTOW,Falownik,FALOW,LUST,LUSTX
Fotowoltaika,FOTOW,Falownik,FALOW,Mitsubishi,MITSU
Fotowoltaika,FOTOW,Falownik,FALOW,Moeller,MOELL
Fotowoltaika,FOTOW,Falownik,FALOW,Omron,OMRON
Fotowoltaika,FOTOW,Falownik,FALOW,Phoenix contant,PHOEN
Fotowoltaika,FOTOW,Falownik,FALOW,Rexroth,REXRO
Fotowoltaika,FOTOW,Falownik,FALOW,Sanyu,SANYU
Fotowoltaika,FOTOW,Falownik,FALOW,Schneider,SCHNE
Fotowoltaika,FOTOW,Falownik,FALOW,SEW,SEWXX
Fotowoltaika,FOTOW,Falownik,FALOW,Siemens,SIEME
Fotowoltaika,FOTOW,Falownik,FALOW,Simphoenix,SIMPH
Fotowoltaika,FOTOW,Falownik,FALOW,Sofar Solar,SOFAR
Fotowoltaika,FOTOW,Falownik,FALOW,Solplanet,SOLPL
Fotowoltaika,FOTOW,Falownik,FALOW,Telemecanique,TELEM
Fotowoltaika,FOTOW,Falownik,FALOW,Vacon,VACON
Fotowoltaika,FOTOW,Falownik,FALOW,Yaskawa,YASKA
Komputery,KOMPU,Drukarki i kserokopiarki,DRUKA,3DMakerpro,3DMAK
Komputery,KOMPU,Drukarki i kserokopiarki,DRUKA,3Doodle,3DOOD
Komputery,KOMPU,Wideodomofon,WIDEO,Abax,ABAXX
Komputery,KOMPU,Gogle VR,GOGLE,Acer,ACERX
Komputery,KOMPU,Komputery stacjonarne,KOMPU,Acer,ACERX
Komputery,KOMPU,Projektor,PROJE,Acer,ACERX
Komputery,KOMPU,Komputery stacjonarne,KOMPU,Actina,ACTIN
Komputery,KOMPU,Komputery stacjonarne,KOMPU,Action,ACTIO
Komputery,KOMPU,Router Wi-Fi,ROUTE,Amazon,AMAZO
Komputery,KOMPU,Komputery stacjonarne,KOMPU,AnimeCraft,ANIME
Komputery,KOMPU,Projektor,PROJE,Anker,ANKER
Komputery,KOMPU,Drukarki i kserokopiarki,DRUKA,Anycubic,ANYCU
Komputery,KOMPU,Komputery stacjonarne,KOMPU,Apollo,APOLL
Komputery,KOMPU,Gogle VR,GOGLE,Apple,APPLE
Komputery,KOMPU,Komputery stacjonarne,KOMPU,Apple,APPLE
Komputery,KOMPU,Wideodomofon,WIDEO,Arlo,ARLOX
Komputery,KOMPU,Router Wi-Fi,ROUTE,Arris,ARRIS
Komputery,KOMPU,Projektor,PROJE,Art.,ARTXX
Komputery,KOMPU,Komputery stacjonarne,KOMPU,Art-Comp,ARTCO
Komputery,KOMPU,Drukarki i kserokopiarki,DRUKA,Artillery,ARTIL
Komputery,KOMPU,Komputery stacjonarne,KOMPU,Artline,ARTLI
Komputery,KOMPU,Komputery stacjonarne,KOMPU,Asus,ASUSX
Komputery,KOMPU,Konsola do gier,KONSO,Asus,ASUSX
Komputery,KOMPU,Projektor,PROJE,Asus,ASUSX
Komputery,KOMPU,Router Wi-Fi,ROUTE,Asus,ASUSX
Komputery,KOMPU,Drukarki i kserokopiarki,DRUKA,Atomstack,ATOMS
Komputery,KOMPU,Wideodomofon,WIDEO,Avidsen,AVIDS
Komputery,KOMPU,Komputery stacjonarne,KOMPU,AZCOM,AZCOM
Komputery,KOMPU,Drukarki i kserokopiarki,DRUKA,Bambu Lab,BAMBU
Komputery,KOMPU,Komputery stacjonarne,KOMPU,BEASTCOM,BEAST
Komputery,KOMPU,Projektor,PROJE,BenQ,BENQX
Komputery,KOMPU,Komputery stacjonarne,KOMPU,Blackview,BLAC2
Komputery,KOMPU,Projektor,PROJE,BlitzWolf,BLITZ
Komputery,KOMPU,Projektor,PROJE,Blow,BLOWX
Komputery,KOMPU,Projektor,PROJE,Braun,BRAUN
Komputery,KOMPU,Drukarki i kserokopiarki,DRUKA,Brother,BROTH
Komputery,KOMPU,Wideodomofon,WIDEO,Bticino,BTICI
Komputery,KOMPU,Projektor,PROJE,Byintek,BYINT
Komputery,KOMPU,Drukarki i kserokopiarki,DRUKA,Canon,CANON
Komputery,KOMPU,Projektor,PROJE,Canon,CANON
Komputery,KOMPU,Komputery stacjonarne,KOMPU,Chipol,CHIPO
Komputery,KOMPU,Komputery stacjonarne,KOMPU,Chuwi,CHUWI
Komputery,KOMPU,Router Wi-Fi,ROUTE,Cisco,CISCO
Komputery,KOMPU,Drukarki i kserokopiarki,DRUKA,CNCTech,CNCTE
Komputery,KOMPU,Router Wi-Fi,ROUTE,Comcast,COMCA
Komputery,KOMPU,Wideodomofon,WIDEO,Commax,COMMA
Komputery,KOMPU,Drukarki i kserokopiarki,DRUKA,Creality,CREAL
Komputery,KOMPU,Drukarki i kserokopiarki,DRUKA,Cricut,CRICU
Komputery,KOMPU,Wideodomofon,WIDEO,Dahua,DAHUA
Komputery,KOMPU,Drukarki i kserokopiarki,DRUKA,Darmax,DARMA
Komputery,KOMPU,Projektor,PROJE,DEEPED,DEEPE
Komputery,KOMPU,Drukarki i kserokopiarki,DRUKA,Dell,DELLX
Komputery,KOMPU,Komputery stacjonarne,KOMPU,Dell,DELLX
Komputery,KOMPU,Projektor,PROJE,Dell,DELLX
Komputery,KOMPU,Gogle VR,GOGLE,DJI,DJIXX
Komputery,KOMPU,Router Wi-Fi,ROUTE,D-Link,DLINK
Komputery,KOMPU,Router Wi-Fi,ROUTE,DrayTek,DRAYT
Komputery,KOMPU,Projektor,PROJE,DRMZ,DRMZX
Komputery,KOMPU,Komputery stacjonarne,KOMPU,Eglobal,EGLOB
Komputery,KOMPU,Drukarki i kserokopiarki,DRUKA,Elegoo,ELEGO
Komputery,KOMPU,Drukarki i kserokopiarki,DRUKA,Epson,EPSON
Komputery,KOMPU,Projektor,PROJE,Epson,EPSON
Komputery,KOMPU,Gogle VR,GOGLE,Esperanza,ESPER
Komputery,KOMPU,Wideodomofon,WIDEO,Eufy,EUFYX
Komputery,KOMPU,Drukarki i kserokopiarki,DRUKA,expondo,EXPON
Komputery,KOMPU,Wideodomofon,WIDEO,Ezviz,EZVIZ
Komputery,KOMPU,Wideodomofon,WIDEO,Fermax,FERMA
Komputery,KOMPU,Drukarki i kserokopiarki,DRUKA,Flashforge,FLAS1
Komputery,KOMPU,Komputery stacjonarne,KOMPU,FLASH-WAWA,FLAS2
Komputery,KOMPU,Router Wi-Fi,ROUTE,Fritz!Box,FRITZ
Komputery,KOMPU,Komputery stacjonarne,KOMPU,Fujitsu,FUJIT
Komputery,KOMPU,Komputery stacjonarne,KOMPU,Gamer-Zone,GAMER
Komputery,KOMPU,Drukarki i kserokopiarki,DRUKA,Gembird,GEMBI
Komputery,KOMPU,Komputery stacjonarne,KOMPU,Gigabyte,GIGAB
Komputery,KOMPU,Komputery stacjonarne,KOMPU,GIGAVOLT,GIGAV
Komputery,KOMPU,Router Wi-Fi,ROUTE,Google,GOOGL
Komputery,KOMPU,Wideodomofon,WIDEO,Google,GOOGL
Komputery,KOMPU,Wideodomofon,WIDEO,Hager,HAGER
Komputery,KOMPU,Projektor,PROJE,Havit,HAVIT
Komputery,KOMPU,Projektor,PROJE,HDWR,HDWRX
Komputery,KOMPU,Projektor,PROJE,Heelly,HEELL
Komputery,KOMPU,Wideodomofon,WIDEO,Hikvision,HIKVI
Komputery,KOMPU,Projektor,PROJE,Hisense,HISEN
Komputery,KOMPU,Komputery stacjonarne,KOMPU,Hitachi,HITAC
Komputery,KOMPU,Projektor,PROJE,Hitachi,HITAC
Komputery,KOMPU,Drukarki i kserokopiarki,DRUKA,HP,HPXXX
Komputery,KOMPU,Gogle VR,GOGLE,HP,HPXXX
Komputery,KOMPU,Komputery stacjonarne,KOMPU,HP,HPXXX
Komputery,KOMPU,Projektor,PROJE,HP,HPXXX
Komputery,KOMPU,Gogle VR,GOGLE,HTC,HTCXX
Komputery,KOMPU,Router Wi-Fi,ROUTE,Huawei,HUAWE
Komputery,KOMPU,Komputery stacjonarne,KOMPU,Intel,INTEL
Komputery,KOMPU,Projektor,PROJE,JVC,JVCXX
Komputery,KOMPU,Projektor,PROJE,Kiano,KIANO
Komputery,KOMPU,Projektor,PROJE,Kodak,KODAK
Komputery,KOMPU,Komputery stacjonarne,KOMPU,KOMFIG,KOMFI
Komputery,KOMPU,Komputery stacjonarne,KOMPU,Komtek,KOMTE
Komputery,KOMPU,Drukarki i kserokopiarki,DRUKA,Konica-Minolta,KONIC
Komputery,KOMPU,Komputery stacjonarne,KOMPU,KONTRAST,KONTR
Komputery,KOMPU,Projektor,PROJE,Kruger&Matz,KRUGE
Komputery,KOMPU,Drukarki i kserokopiarki,DRUKA,Kyocera,KYOCE
Komputery,KOMPU,Drukarki i kserokopiarki,DRUKA,LaserPecker,LASER
Komputery,KOMPU,Wideodomofon,WIDEO,Legrand,LEGRA
Komputery,KOMPU,Gogle VR,GOGLE,Lenovo,LENOV
Komputery,KOMPU,Komputery stacjonarne,KOMPU,Lenovo,LENOV
Komputery,KOMPU,Konsola do gier,KONSO,Lenovo,LENOV
Komputery,KOMPU,Drukarki i kserokopiarki,DRUKA,Lexmark,LEXMA
Komputery,KOMPU,Router Wi-Fi,ROUTE,Linksys,LINKS
Komputery,KOMPU,Drukarki i kserokopiarki,DRUKA,LONGER,LONGE
Komputery,KOMPU,Komputery stacjonarne,KOMPU,Medion,MEDIO
Komputery,KOMPU,Router Wi-Fi,ROUTE,Mercusys,MERCU
Komputery,KOMPU,Router Wi-Fi,ROUTE,MikroTik,MIKRO
Komputery,KOMPU,Komputery stacjonarne,KOMPU,Minis Forum,MINIS
Komputery,KOMPU,Projektor,PROJE,Mitsubishi,MITSU
Komputery,KOMPU,Komputery stacjonarne,KOMPU,MOBIKOMP,MOBIK
Komputery,KOMPU,Router Wi-Fi,ROUTE,Motorola,MOTOR
Komputery,KOMPU,Komputery stacjonarne,KOMPU,MSI,MSIXX
Komputery,KOMPU,Konsola do gier,KONSO,MSI,MSIXX
Komputery,KOMPU,Projektor,PROJE,Nebula,NEBUL
Komputery,KOMPU,Projektor,PROJE,NEC,NECXX
Komputery,KOMPU,Drukarki i kserokopiarki,DRUKA,Neje,NEJEX
Komputery,KOMPU,Wideodomofon,WIDEO,Netatmo,NETAT
Komputery,KOMPU,Komputery stacjonarne,KOMPU,Netcomp,NETCO
Komputery,KOMPU,Router Wi-Fi,ROUTE,Netgear,NETGE
Komputery,KOMPU,Konsola do gier,KONSO,Nintendo ,NINTE
Komputery,KOMPU,Router Wi-Fi,ROUTE,Nokia,NOKIA
Komputery,KOMPU,Komputery stacjonarne,KOMPU,NTT System,NTTSY
Komputery,KOMPU,Drukarki i kserokopiarki,DRUKA,Oce,OCEXX
Komputery,KOMPU,Gogle VR,GOGLE,Oculus,OCULU
Komputery,KOMPU,Drukarki i kserokopiarki,DRUKA,OKI,OKIXX
Komputery,KOMPU,Komputery stacjonarne,KOMPU,Oktawo,OKTAW
Komputery,KOMPU,Router Wi-Fi,ROUTE,Open Mesh,OPENM
Komputery,KOMPU,Komputery stacjonarne,KOMPU,Optimus,OPTI1
Komputery,KOMPU,Projektor,PROJE,Optoma,OPTOM
Komputery,KOMPU,Projektor,PROJE,Overmax,OVERM
Komputery,KOMPU,Projektor,PROJE,Panasonic,PANAS
Komputery,KOMPU,Drukarki i kserokopiarki,DRUKA,Pantum,PANTU
Komputery,KOMPU,Drukarki i kserokopiarki,DRUKA,Pegasus,PEGAS
Komputery,KOMPU,Konsola do gier,KONSO,Pegasus,PEGAS
Komputery,KOMPU,Projektor,PROJE,Philips,PHILI
Komputery,KOMPU,Drukarki i kserokopiarki,DRUKA,Phrozen,PHROZ
Komputery,KOMPU,Gogle VR,GOGLE,Pico,PICOX
Komputery,KOMPU,Gogle VR,GOGLE,Pimax,PIMAX
Komputery,KOMPU,Konsola do gier,KONSO,PlayStation,PLAYS
Komputery,KOMPU,Komputery stacjonarne,KOMPU,Qnap,QNAPX
Komputery,KOMPU,Gogle VR,GOGLE,RayNeo,RAYNE
Komputery,KOMPU,Drukarki i kserokopiarki,DRUKA,Revopoint,REVOP
Komputery,KOMPU,Drukarki i kserokopiarki,DRUKA,Ricoh,RICOH
Komputery,KOMPU,Wideodomofon,WIDEO,Ring,RINGX
Komputery,KOMPU,Konsola do gier,KONSO,Ryzen,RYZEN
Komputery,KOMPU,Drukarki i kserokopiarki,DRUKA,Samsung,SAMSU
Komputery,KOMPU,Projektor,PROJE,Samsung,SAMSU
Komputery,KOMPU,Drukarki i kserokopiarki,DRUKA,Sculpfun,SCULP
Komputery,KOMPU,Konsola do gier,KONSO,Sega,SEGAX
Komputery,KOMPU,Projektor,PROJE,Sharp,SHARP
Komputery,KOMPU,Wideodomofon,WIDEO,Siedle,SIEDL
Komputery,KOMPU,Drukarki i kserokopiarki,DRUKA,Silhouette,SILHO
Komputery,KOMPU,Wideodomofon,WIDEO,Somfy,SOMFY
Komputery,KOMPU,Projektor,PROJE,Sony,SONYX
Komputery,KOMPU,Komputery stacjonarne,KOMPU,SPC-X,SPCXX
Komputery,KOMPU,Komputery stacjonarne,KOMPU,Stradus,STRAD
Komputery,KOMPU,Drukarki i kserokopiarki,DRUKA,Summa,SUMMA
Komputery,KOMPU,Komputery stacjonarne,KOMPU,Synology,SYNOL
Komputery,KOMPU,Router Wi-Fi,ROUTE,Synology,SYNOL
Komputery,KOMPU,Router Wi-Fi,ROUTE,Tenda,TENDA
Komputery,KOMPU,Wideodomofon,WIDEO,TMEZON,TMEZO
Komputery,KOMPU,Drukarki i kserokopiarki,DRUKA,Toshiba,TOSHI
Komputery,KOMPU,Projektor,PROJE,Toshiba,TOSHI
Komputery,KOMPU,Router Wi-Fi,ROUTE,TP-Link,TPLIN
Komputery,KOMPU,Drukarki i kserokopiarki,DRUKA,Tronxy,TRONX
Komputery,KOMPU,Komputery stacjonarne,KOMPU,Trysja Comp,TRYSJ
Komputery,KOMPU,Router Wi-Fi,ROUTE,Ubiquiti,UBIQU
Komputery,KOMPU,Wideodomofon,WIDEO,Urmet,URMET
Komputery,KOMPU,Gogle VR,GOGLE,Valve,VALVE
Komputery,KOMPU,Projektor,PROJE,Vamvo,VAMVO
Komputery,KOMPU,Komputery stacjonarne,KOMPU,Vega,VEGAX
Komputery,KOMPU,Drukarki i kserokopiarki,DRUKA,Vevor,VEVOR
Komputery,KOMPU,Projektor,PROJE,ViewSonic,VIEWS
Komputery,KOMPU,Komputery stacjonarne,KOMPU,Vist,VISTX
Komputery,KOMPU,Gogle VR,GOGLE,Viture,VITUR
Komputery,KOMPU,Projektor,PROJE,Vivitek,VIVIT
Komputery,KOMPU,Gogle VR,GOGLE,VortexVR,VORTE
Komputery,KOMPU,Gogle VR,GOGLE,VR Shinecon,VRSHI
Komputery,KOMPU,Projektor,PROJE,Wanbo,WANBO
Komputery,KOMPU,Drukarki i kserokopiarki,DRUKA,Wektor,WEKTO
Komputery,KOMPU,Konsola do gier,KONSO,Xbox,XBOXX
Komputery,KOMPU,Drukarki i kserokopiarki,DRUKA,Xerox,XEROX
Komputery,KOMPU,Router Wi-Fi,ROUTE,Xfinity,XFINI
Komputery,KOMPU,Projektor,PROJE,XGIMI,XGIMI
Komputery,KOMPU,Projektor,PROJE,Xiaomi,XIAOM
Komputery,KOMPU,Router Wi-Fi,ROUTE,Xiaomi,XIAOM
Komputery,KOMPU,Gogle VR,GOGLE,XREAL,XREAL
Komputery,KOMPU,Drukarki i kserokopiarki,DRUKA,Xtool,XTOOL
Komputery,KOMPU,Projektor,PROJE,Yaber,YABER
Komputery,KOMPU,Wideodomofon,WIDEO,Zamel,ZAMEL
Komputery,KOMPU,Projektor,PROJE,Zenwire,ZENWI
Komputery,KOMPU,Konsola do gier,KONSO,Zotac,ZOTAC
Komputery,KOMPU,Router Wi-Fi,ROUTE,Zyxel,ZYXEL
Ogrzewanie,OGRZE,Nagrzewnice,NAGRZ,Adler,ADLER
Ogrzewanie,OGRZE,Grzejnik elektryczny,GRZEJ,Adler,ADLER
Ogrzewanie,OGRZE,Bojler na wodę,BOJLE,Afriso,AFRIS
Ogrzewanie,OGRZE,Pompa ciepła,POMPA,Afriso,AFRIS
Ogrzewanie,OGRZE,Klimatyzacja,KLIMA,AKLI,AKLIX
Ogrzewanie,OGRZE,Nagrzewnice,NAGRZ,Alnor,ALNOR
Ogrzewanie,OGRZE,Grzejnik elektryczny,GRZEJ,Anslut,ANSLU
Ogrzewanie,OGRZE,Grzejnik elektryczny,GRZEJ,Aqualine,AQUAL
Ogrzewanie,OGRZE,Bojler na wodę,BOJLE,Ariston,ARIST
Ogrzewanie,OGRZE,Kotły i piece,KOTLY,Ariston,ARIST
Ogrzewanie,OGRZE,Pompa ciepła,POMPA,Ariston,ARIST
Ogrzewanie,OGRZE,Bojler na wodę,BOJLE,Atlantic,ATLAN
Ogrzewanie,OGRZE,Pompa ciepła,POMPA,Atlantic,ATLAN
Ogrzewanie,OGRZE,Grzejnik elektryczny,GRZEJ,Atlantic,ATLAN
Ogrzewanie,OGRZE,Kotły i piece,KOTLY,Atmos,ATMOS
Ogrzewanie,OGRZE,Klimatyzacja,KLIMA,AUX,AUXXX
Ogrzewanie,OGRZE,Nagrzewnice,NAGRZ,AW-Tools,AWTOO
Ogrzewanie,OGRZE,Kotły i piece,KOTLY,Beretta,BERET
Ogrzewanie,OGRZE,Pompa ciepła,POMPA,Beretta,BERET
Ogrzewanie,OGRZE,Pompa ciepła,POMPA,Bevo,BEVOX
Ogrzewanie,OGRZE,Bojler na wodę,BOJLE,Biawar,BIAWA
Ogrzewanie,OGRZE,Grzejnik elektryczny,GRZEJ,Biotherm,BIOTH
Ogrzewanie,OGRZE,Nagrzewnice,NAGRZ,Blaupunkt,BLAUP
Ogrzewanie,OGRZE,Pompa ciepła,POMPA,Blaupunkt,BLAUP
Ogrzewanie,OGRZE,Grzejnik elektryczny,GRZEJ,Blaupunkt,BLAUP
Ogrzewanie,OGRZE,Bojler na wodę,BOJLE,Bosch,BOSCH
Ogrzewanie,OGRZE,Kotły i piece,KOTLY,Bosch,BOSCH
Ogrzewanie,OGRZE,Pompa ciepła,POMPA,Bosch,BOSCH
Ogrzewanie,OGRZE,Kotły i piece,KOTLY,Cadel,CADEL
Ogrzewanie,OGRZE,Pompa ciepła,POMPA,Caleffi,CALEF
Ogrzewanie,OGRZE,Grzejnik elektryczny,GRZEJ,Camry,CAMRY
Ogrzewanie,OGRZE,Grzejnik elektryczny,GRZEJ,Caradon,CARAD
Ogrzewanie,OGRZE,Pompa ciepła,POMPA,Castel Engineering,CASTE
Ogrzewanie,OGRZE,Grzejnik elektryczny,GRZEJ,Cayenne,CAYEN
Ogrzewanie,OGRZE,Grzejnik elektryczny,GRZEJ,Cecotec,CECOT
Ogrzewanie,OGRZE,Kotły i piece,KOTLY,Cieplomax,CIEPL
Ogrzewanie,OGRZE,Klimatyzacja,KLIMA,Comfee,COMFE
Ogrzewanie,OGRZE,Klimatyzacja,KLIMA,Costway,COSTW
Ogrzewanie,OGRZE,Bojler na wodę,BOJLE,Dafi,DAFIX
Ogrzewanie,OGRZE,Klimatyzacja,KLIMA,Daikin,DAIKI
Ogrzewanie,OGRZE,Bojler na wodę,BOJLE,De Dietrich,DEDIE
Ogrzewanie,OGRZE,Kotły i piece,KOTLY,De Dietrich,DEDIE
Ogrzewanie,OGRZE,Pompa ciepła,POMPA,De Dietrich,DEDIE
Ogrzewanie,OGRZE,Nagrzewnice,NAGRZ,Dedra,DEDRA
Ogrzewanie,OGRZE,Grzejnik elektryczny,GRZEJ,Dedra,DEDRA
Ogrzewanie,OGRZE,Bojler na wodę,BOJLE,Defro,DEFRO
Ogrzewanie,OGRZE,Pompa ciepła,POMPA,Defro,DEFRO
Ogrzewanie,OGRZE,Grzejnik elektryczny,GRZEJ,DeLonghi,DELON
Ogrzewanie,OGRZE,Bojler na wodę,BOJLE,Diamond,DIAMO
Ogrzewanie,OGRZE,Grzejnik elektryczny,GRZEJ,Diamond,DIAMO
Ogrzewanie,OGRZE,Grzejnik elektryczny,GRZEJ,Dimplex,DIMPL
Ogrzewanie,OGRZE,Bojler na wodę,BOJLE,Domer,DOMER
Ogrzewanie,OGRZE,Nagrzewnice,NAGRZ,Drel,DRELX
Ogrzewanie,OGRZE,Bojler na wodę,BOJLE,Drewmet,DREWM
Ogrzewanie,OGRZE,Kotły i piece,KOTLY,Drewmet,DREWM
Ogrzewanie,OGRZE,Klimatyzacja,KLIMA,Duux,DUUXX
Ogrzewanie,OGRZE,Bojler na wodę,BOJLE,Ecofix,ECOFI
Ogrzewanie,OGRZE,Grzejnik elektryczny,GRZEJ,Edan,EDANX
Ogrzewanie,OGRZE,Nagrzewnice,NAGRZ,Einhell,EINHE
Ogrzewanie,OGRZE,Grzejnik elektryczny,GRZEJ,Eldom,ELDOM
Ogrzewanie,OGRZE,Bojler na wodę,BOJLE,Electrolux,ELECT
Ogrzewanie,OGRZE,Bojler na wodę,BOJLE,Elektromet,ELEKT
Ogrzewanie,OGRZE,Bojler na wodę,BOJLE,Eliko,ELIKO
Ogrzewanie,OGRZE,Grzejnik elektryczny,GRZEJ,Elpe,ELPEX
Ogrzewanie,OGRZE,Kotły i piece,KOTLY,Elterm,ELTER
Ogrzewanie,OGRZE,Grzejnik elektryczny,GRZEJ,Enix,ENIXX
Ogrzewanie,OGRZE,Bojler na wodę,BOJLE,Equation,EQUAT
Ogrzewanie,OGRZE,Grzejnik elektryczny,GRZEJ,Equation,EQUAT
Ogrzewanie,OGRZE,Bojler na wodę,BOJLE,Ermet,ERMET
Ogrzewanie,OGRZE,Grzejnik elektryczny,GRZEJ,Esperanza,ESPER
Ogrzewanie,OGRZE,Grzejnik elektryczny,GRZEJ,Excellent,EXCEL
Ogrzewanie,OGRZE,Grzejnik elektryczny,GRZEJ,Faral,FARAL
Ogrzewanie,OGRZE,Grzejnik elektryczny,GRZEJ,Fenix,FENIX
Ogrzewanie,OGRZE,Grzejnik elektryczny,GRZEJ,Ferro,FERR2
Ogrzewanie,OGRZE,Bojler na wodę,BOJLE,Ferroli,FERR1
Ogrzewanie,OGRZE,Kotły i piece,KOTLY,Ferroli,FERR1
Ogrzewanie,OGRZE,Pompa ciepła,POMPA,Ferroli,FERR1
Ogrzewanie,OGRZE,Nagrzewnice,NAGRZ,Flowair,FLOWA
Ogrzewanie,OGRZE,Klimatyzacja,KLIMA,FRAL,FRALX
Ogrzewanie,OGRZE,Kotły i piece,KOTLY,Galan,GALAN
Ogrzewanie,OGRZE,Bojler na wodę,BOJLE,Galmet,GALME
Ogrzewanie,OGRZE,Pompa ciepła,POMPA,Galmet,GALME
Ogrzewanie,OGRZE,Grzejnik elektryczny,GRZEJ,Gamma,GAMMA
Ogrzewanie,OGRZE,Nagrzewnice,NAGRZ,Gardyer,GARDY
Ogrzewanie,OGRZE,Nagrzewnice,NAGRZ,Geko,GEKOX
Ogrzewanie,OGRZE,Grzejnik elektryczny,GRZEJ,Geko,GEKOX
Ogrzewanie,OGRZE,Grzejnik elektryczny,GRZEJ,Goodhome,GOODH
Ogrzewanie,OGRZE,Grzejnik elektryczny,GRZEJ,Gorgiel,GORGI
Ogrzewanie,OGRZE,Grzejnik elektryczny,GRZEJ,Granitan,GRANI
Ogrzewanie,OGRZE,Nagrzewnice,NAGRZ,Graphite,GRAPH
Ogrzewanie,OGRZE,Klimatyzacja,KLIMA,Gree,GREEX
Ogrzewanie,OGRZE,Bojler na wodę,BOJLE,Gwarant,GWARA
Ogrzewanie,OGRZE,Klimatyzacja,KLIMA,Haier,HAIER
Ogrzewanie,OGRZE,Pompa ciepła,POMPA,Haier,HAIER
Ogrzewanie,OGRZE,Grzejnik elektryczny,GRZEJ,Heat&Style,HEATS
Ogrzewanie,OGRZE,Bojler na wodę,BOJLE,Heckermann,HECKE
Ogrzewanie,OGRZE,Nagrzewnice,NAGRZ,Heidmann,HEIDM
Ogrzewanie,OGRZE,Klimatyzacja,KLIMA,Heiko,HEIKO
Ogrzewanie,OGRZE,Grzejnik elektryczny,GRZEJ,Hejan,HEJAN
Ogrzewanie,OGRZE,Bojler na wodę,BOJLE,Heverson,HEVER
Ogrzewanie,OGRZE,Kotły i piece,KOTLY,Heverson,HEVER
Ogrzewanie,OGRZE,Pompa ciepła,POMPA,Hewalex,HEWAL
Ogrzewanie,OGRZE,Klimatyzacja,KLIMA,Hisense,HISEN
Ogrzewanie,OGRZE,Pompa ciepła,POMPA,Hisense,HISEN
Ogrzewanie,OGRZE,Pompa ciepła,POMPA,Hitachi,HITAC
Ogrzewanie,OGRZE,Bojler na wodę,BOJLE,Hottech,HOTT1
Ogrzewanie,OGRZE,Pompa ciepła,POMPA,Hotterm,HOTT2
Ogrzewanie,OGRZE,Grzejnik elektryczny,GRZEJ,Humberg,HUMBE
Ogrzewanie,OGRZE,Bojler na wodę,BOJLE,Hydroland,HYDR1
Ogrzewanie,OGRZE,Grzejnik elektryczny,GRZEJ,Hydroland,HYDR1
Ogrzewanie,OGRZE,Grzejnik elektryczny,GRZEJ,Hydro-Mat,HYDR2
Ogrzewanie,OGRZE,Klimatyzacja,KLIMA,Hyundai,HYUND
Ogrzewanie,OGRZE,Pompa ciepła,POMPA,Hyundai,HYUND
Ogrzewanie,OGRZE,Grzejnik elektryczny,GRZEJ,Imers,IMERS
Ogrzewanie,OGRZE,Bojler na wodę,BOJLE,Immergas,IMMER
Ogrzewanie,OGRZE,Pompa ciepła,POMPA,Immergas,IMMER
Ogrzewanie,OGRZE,Grzejnik elektryczny,GRZEJ,Instal Projekt,INST1
Ogrzewanie,OGRZE,Grzejnik elektryczny,GRZEJ,Instal-home,INST3
Ogrzewanie,OGRZE,Grzejnik elektryczny,GRZEJ,Ins-Term,INSTE
Ogrzewanie,OGRZE,Grzejnik elektryczny,GRZEJ,Invena,INVEN
Ogrzewanie,OGRZE,Grzejnik elektryczny,GRZEJ,Irsap,IRSAP
Ogrzewanie,OGRZE,Klimatyzacja,KLIMA,Ivensis,IVENS
Ogrzewanie,OGRZE,Kotły i piece,KOTLY,Junkers,JUNKE
Ogrzewanie,OGRZE,Klimatyzacja,KLIMA,Kaisai,KAISA
Ogrzewanie,OGRZE,Pompa ciepła,POMPA,Kaisai,KAISA
Ogrzewanie,OGRZE,Nagrzewnice,NAGRZ,Kaminer,KAMIN
Ogrzewanie,OGRZE,Grzejnik elektryczny,GRZEJ,Kermi,KERMI
Ogrzewanie,OGRZE,Grzejnik elektryczny,GRZEJ,KFA Armatura,KFAAR
Ogrzewanie,OGRZE,Grzejnik elektryczny,GRZEJ,Klarstein,KLARS
Ogrzewanie,OGRZE,Grzejnik elektryczny,GRZEJ,Komex,KOMEX
Ogrzewanie,OGRZE,Kotły i piece,KOTLY,Konstal,KONST
Ogrzewanie,OGRZE,Bojler na wodę,BOJLE,Kospel,KOSPE
Ogrzewanie,OGRZE,Kotły i piece,KOTLY,Kospel,KOSPE
Ogrzewanie,OGRZE,Kotły i piece,KOTLY,Kostrzewa,KOSTR
Ogrzewanie,OGRZE,Kotły i piece,KOTLY,Kotłospaw,KOTŁ2
Ogrzewanie,OGRZE,Kotły i piece,KOTLY,Kotłostal,KOTŁ1
Ogrzewanie,OGRZE,Kotły i piece,KOTLY,Kotły Pleszewskie,KOTLY
Ogrzewanie,OGRZE,Nagrzewnice,NAGRZ,Kraft&Dele,KRAFT
Ogrzewanie,OGRZE,Grzejnik elektryczny,GRZEJ,Lava,LAVAX
Ogrzewanie,OGRZE,Grzejnik elektryczny,GRZEJ,Lavita,LAVIT
Ogrzewanie,OGRZE,Bojler na wodę,BOJLE,Lemet,LEMET
Ogrzewanie,OGRZE,Klimatyzacja,KLIMA,LG,LGXXX
Ogrzewanie,OGRZE,Pompa ciepła,POMPA,LG,LGXXX
Ogrzewanie,OGRZE,Bojler na wodę,BOJLE,Lin,LINXX
Ogrzewanie,OGRZE,Grzejnik elektryczny,GRZEJ,LTC,LTCXX
Ogrzewanie,OGRZE,Grzejnik elektryczny,GRZEJ,Lund,LUNDX
Ogrzewanie,OGRZE,Grzejnik elektryczny,GRZEJ,M&C,MCXXX
Ogrzewanie,OGRZE,Bojler na wodę,BOJLE,Makroterm,MAKRO
Ogrzewanie,OGRZE,Grzejnik elektryczny,GRZEJ,MalTec,MALTE
Ogrzewanie,OGRZE,Nagrzewnice,NAGRZ,Mar-Pol,MARPO
Ogrzewanie,OGRZE,Nagrzewnice,NAGRZ,Master,MAST1
Ogrzewanie,OGRZE,Grzejnik elektryczny,GRZEJ,Mesko,MESKO
Ogrzewanie,OGRZE,Grzejnik elektryczny,GRZEJ,Mexen,MEXEN
Ogrzewanie,OGRZE,Klimatyzacja,KLIMA,Midea,MIDEA
Ogrzewanie,OGRZE,Bojler na wodę,BOJLE,Midea,MIDEA
Ogrzewanie,OGRZE,Pompa ciepła,POMPA,Midea,MIDEA
Ogrzewanie,OGRZE,Grzejnik elektryczny,GRZEJ,Mill,MILLX
Ogrzewanie,OGRZE,Grzejnik elektryczny,GRZEJ,MissionAir,MISSI
Ogrzewanie,OGRZE,Klimatyzacja,KLIMA,Mitsubishi,MITSU
Ogrzewanie,OGRZE,Pompa ciepła,POMPA,Mitsubishi,MITSU
Ogrzewanie,OGRZE,Kotły i piece,KOTLY,Move,MOVEX
Ogrzewanie,OGRZE,Kotły i piece,KOTLY,MPM,MPMXX
Ogrzewanie,OGRZE,Nagrzewnice,NAGRZ,MTM,MTMXX
Ogrzewanie,OGRZE,Klimatyzacja,KLIMA,MW Power,MWPOW
Ogrzewanie,OGRZE,Klimatyzacja,KLIMA,Mycond,MYCON
Ogrzewanie,OGRZE,Grzejnik elektryczny,GRZEJ,Navin,NAVIN
Ogrzewanie,OGRZE,Nagrzewnice,NAGRZ,Neo Tools,NEOTO
Ogrzewanie,OGRZE,Grzejnik elektryczny,GRZEJ,Neo Tools,NEOTO
Ogrzewanie,OGRZE,Pompa ciepła,POMPA,Nibe,NIBEX
Ogrzewanie,OGRZE,Grzejnik elektryczny,GRZEJ,N'oveen,NOVE2
Ogrzewanie,OGRZE,Kotły i piece,KOTLY,Ogniwo,OGNIW
Ogrzewanie,OGRZE,Grzejnik elektryczny,GRZEJ,Olimpia,OLIMP
Ogrzewanie,OGRZE,Grzejnik elektryczny,GRZEJ,Oltens,OLTEN
Ogrzewanie,OGRZE,Nagrzewnice,NAGRZ,Ondragon,ONDRA
Ogrzewanie,OGRZE,Bojler na wodę,BOJLE,Onnline,ONNLI
Ogrzewanie,OGRZE,Grzejnik elektryczny,GRZEJ,Onnline,ONNLI
Ogrzewanie,OGRZE,Klimatyzacja,KLIMA,Panasonic,PANAS
Ogrzewanie,OGRZE,Bojler na wodę,BOJLE,Panasonic,PANAS
Ogrzewanie,OGRZE,Pompa ciepła,POMPA,Panasonic,PANAS
Ogrzewanie,OGRZE,Pompa ciepła,POMPA,PEKABET,PEKAB
Ogrzewanie,OGRZE,Kotły i piece,KOTLY,Pereko,PEREK
Ogrzewanie,OGRZE,Grzejnik elektryczny,GRZEJ,Perfekt,PERF1
Ogrzewanie,OGRZE,Grzejnik elektryczny,GRZEJ,Perfexim,PERF2
Ogrzewanie,OGRZE,Nagrzewnice,NAGRZ,Powermat,POWER
Ogrzewanie,OGRZE,Nagrzewnice,NAGRZ,PRIME,PRIME
Ogrzewanie,OGRZE,Grzejnik elektryczny,GRZEJ,Pro-Term,PROTE
Ogrzewanie,OGRZE,Grzejnik elektryczny,GRZEJ,Purmo,PURMO
Ogrzewanie,OGRZE,Grzejnik elektryczny,GRZEJ,Radialight,RADIA
Ogrzewanie,OGRZE,Grzejnik elektryczny,GRZEJ,Radox,RADOX
Ogrzewanie,OGRZE,Grzejnik elektryczny,GRZEJ,RAPDACH,RAPDA
Ogrzewanie,OGRZE,Grzejnik elektryczny,GRZEJ,Ravanson,RAVAN
Ogrzewanie,OGRZE,Bojler na wodę,BOJLE,Reflex,REFLE
Ogrzewanie,OGRZE,Grzejnik elektryczny,GRZEJ,Regulus,REGUL
Ogrzewanie,OGRZE,Nagrzewnice,NAGRZ,Reventon,REVEN
Ogrzewanie,OGRZE,Klimatyzacja,KLIMA,Rodigas,RODIG
Ogrzewanie,OGRZE,Klimatyzacja,KLIMA,Rotenso,ROTEN
Ogrzewanie,OGRZE,Bojler na wodę,BOJLE,Rotenso,ROTEN
Ogrzewanie,OGRZE,Pompa ciepła,POMPA,Rotenso,ROTEN
Ogrzewanie,OGRZE,Klimatyzacja,KLIMA,Samsung,SAMSU
Ogrzewanie,OGRZE,Pompa ciepła,POMPA,Samsung,SAMSU
Ogrzewanie,OGRZE,Grzejnik elektryczny,GRZEJ,Sapho,SAPHO
Ogrzewanie,OGRZE,Bojler na wodę,BOJLE,Sas,SASXX
Ogrzewanie,OGRZE,Kotły i piece,KOTLY,Sas,SASXX
Ogrzewanie,OGRZE,Kotły i piece,KOTLY,Saunier duval,SAUNI
Ogrzewanie,OGRZE,Grzejnik elektryczny,GRZEJ,Scano,SCANO
Ogrzewanie,OGRZE,Nagrzewnice,NAGRZ,Schmith,SCHMI
Ogrzewanie,OGRZE,Bojler na wodę,BOJLE,Secespol,SECES
Ogrzewanie,OGRZE,Grzejnik elektryczny,GRZEJ,Sencor,SENCO
Ogrzewanie,OGRZE,Klimatyzacja,KLIMA,Sevra,SEVRA
Ogrzewanie,OGRZE,Grzejnik elektryczny,GRZEJ,Sigarth,SIGAR
Ogrzewanie,OGRZE,Klimatyzacja,KLIMA,Sinclair,SINCL
Ogrzewanie,OGRZE,Nagrzewnice,NAGRZ,Sonniger,SONNI
Ogrzewanie,OGRZE,Bojler na wodę,BOJLE,Spawak,SPAWA
Ogrzewanie,OGRZE,Pompa ciepła,POMPA,Sprsun,SPRSU
Ogrzewanie,OGRZE,Kotły i piece,KOTLY,Stalkot,STALK
Ogrzewanie,OGRZE,Bojler na wodę,BOJLE,Stalmark,STALM
Ogrzewanie,OGRZE,Kotły i piece,KOTLY,Stalmark,STALM
Ogrzewanie,OGRZE,Grzejnik elektryczny,GRZEJ,Stelrad,STELR
Ogrzewanie,OGRZE,Bojler na wodę,BOJLE,Stiebel eltron,STIEB
Ogrzewanie,OGRZE,Pompa ciepła,POMPA,Stiebel eltron,STIEB
Ogrzewanie,OGRZE,Grzejnik elektryczny,GRZEJ,Stiebel eltron,STIEB
Ogrzewanie,OGRZE,Grzejnik elektryczny,GRZEJ,Szkarłat,SZKAR
Ogrzewanie,OGRZE,Klimatyzacja,KLIMA,TCL,TCLXX
Ogrzewanie,OGRZE,Grzejnik elektryczny,GRZEJ,TEESA,TEESA
Ogrzewanie,OGRZE,Kotły i piece,KOTLY,Tekla,TEKLA
Ogrzewanie,OGRZE,Grzejnik elektryczny,GRZEJ,Terma,TERMA
Ogrzewanie,OGRZE,Kotły i piece,KOTLY,Termet,TERME
Ogrzewanie,OGRZE,Pompa ciepła,POMPA,Termet,TERME
Ogrzewanie,OGRZE,Bojler na wodę,BOJLE,Termica,TERMI
Ogrzewanie,OGRZE,Grzejnik elektryczny,GRZEJ,Termofol,TERM2
Ogrzewanie,OGRZE,Grzejnik elektryczny,GRZEJ,Termoteknik,TERM1
Ogrzewanie,OGRZE,Grzejnik elektryczny,GRZEJ,Term-System,TERMS
Ogrzewanie,OGRZE,Bojler na wodę,BOJLE,Tesy,TESYX
Ogrzewanie,OGRZE,Pompa ciepła,POMPA,THERMATEC,THER2
Ogrzewanie,OGRZE,Grzejnik elektryczny,GRZEJ,Thermeco,THER4
Ogrzewanie,OGRZE,Bojler na wodę,BOJLE,Thermex,THER5
Ogrzewanie,OGRZE,Pompa ciepła,POMPA,Thermoval,THER1
Ogrzewanie,OGRZE,Grzejnik elektryczny,GRZEJ,Thermoval,THER1
Ogrzewanie,OGRZE,Kotły i piece,KOTLY,TK,TKXXX
Ogrzewanie,OGRZE,Kotły i piece,KOTLY,Tomiko,TOMIK
Ogrzewanie,OGRZE,Kotły i piece,KOTLY,Tomiterm,TOMIT
Ogrzewanie,OGRZE,Klimatyzacja,KLIMA,Toshiba,TOSHI
Ogrzewanie,OGRZE,Nagrzewnice,NAGRZ,Tresnar,TRESN
Ogrzewanie,OGRZE,Grzejnik elektryczny,GRZEJ,Trio,TRIOX
Ogrzewanie,OGRZE,Grzejnik elektryczny,GRZEJ,Tristar,TRIST
Ogrzewanie,OGRZE,Nagrzewnice,NAGRZ,Trotec,TROTE
Ogrzewanie,OGRZE,Grzejnik elektryczny,GRZEJ,Trotec,TROTE
Ogrzewanie,OGRZE,Grzejnik elektryczny,GRZEJ,Tycner,TYCNE
Ogrzewanie,OGRZE,Grzejnik elektryczny,GRZEJ,Unbranded,UNBRA
Ogrzewanie,OGRZE,Nagrzewnice,NAGRZ,Unicraft,UNICR
Ogrzewanie,OGRZE,Grzejnik elektryczny,GRZEJ,Uniprodo,UNIPR
Ogrzewanie,OGRZE,Bojler na wodę,BOJLE,Vaillant,VAILL
Ogrzewanie,OGRZE,Kotły i piece,KOTLY,Vaillant,VAILL
Ogrzewanie,OGRZE,Pompa ciepła,POMPA,Vaillant,VAILL
Ogrzewanie,OGRZE,Grzejnik elektryczny,GRZEJ,Vario-Term,VARIO
Ogrzewanie,OGRZE,Grzejnik elektryczny,GRZEJ,Vasco,VASCO
Ogrzewanie,OGRZE,Nagrzewnice,NAGRZ,Vents,VENTS
Ogrzewanie,OGRZE,Grzejnik elektryczny,GRZEJ,Verano,VERAN
Ogrzewanie,OGRZE,Klimatyzacja,KLIMA,VidaXL,VIDAX
Ogrzewanie,OGRZE,Grzejnik elektryczny,GRZEJ,VidaXL,VIDAX
Ogrzewanie,OGRZE,Bojler na wodę,BOJLE,Viessmann,VIESS
Ogrzewanie,OGRZE,Kotły i piece,KOTLY,Viessmann,VIESS
Ogrzewanie,OGRZE,Pompa ciepła,POMPA,Viessmann,VIESS
Ogrzewanie,OGRZE,Grzejnik elektryczny,GRZEJ,Viessmann,VIESS
Ogrzewanie,OGRZE,Grzejnik elektryczny,GRZEJ,VINOLLI,VINOL
Ogrzewanie,OGRZE,Nagrzewnice,NAGRZ,Volcano,VOLCA
Ogrzewanie,OGRZE,Nagrzewnice,NAGRZ,Volt,VOLTX
Ogrzewanie,OGRZE,Grzejnik elektryczny,GRZEJ,Volt,VOLTX
Ogrzewanie,OGRZE,Grzejnik elektryczny,GRZEJ,Volteno,VOLTE
Ogrzewanie,OGRZE,Klimatyzacja,KLIMA,Warmtec,WARMT
Ogrzewanie,OGRZE,Grzejnik elektryczny,GRZEJ,Warmtec,WARMT
Ogrzewanie,OGRZE,Bojler na wodę,BOJLE,Weber,WEBER
Ogrzewanie,OGRZE,Kotły i piece,KOTLY,Weishaupt,WEISH
Ogrzewanie,OGRZE,Bojler na wodę,BOJLE,Wolf,WOLFX
Ogrzewanie,OGRZE,Kotły i piece,KOTLY,Wolf,WOLFX
Ogrzewanie,OGRZE,Nagrzewnice,NAGRZ,XARAM Energy,XARAM
Ogrzewanie,OGRZE,Grzejnik elektryczny,GRZEJ,Xiaomi,XIAOM
Ogrzewanie,OGRZE,Nagrzewnice,NAGRZ,Yato,YATOX
Ogrzewanie,OGRZE,Pompa ciepła,POMPA,York,YORKX
Ogrzewanie,OGRZE,Grzejnik elektryczny,GRZEJ,Zehnder,ZEHND
Ogrzewanie,OGRZE,Kotły i piece,KOTLY,Zębiec,ZEBIE
Ogrzewanie,OGRZE,Grzejnik elektryczny,GRZEJ,Zilan,ZILAN
RTV,RTVXX,Monitor,MONIT,Acer,ACERX
RTV,RTVXX,Dyski zewnętrzne i przenośne,DYSKI,Adata,ADATA
RTV,RTVXX,Głośnik,GLOSN,Adler,ADLER
RTV,RTVXX,Radio,RADIO,Adler,ADLER
RTV,RTVXX,Monitor,MONIT,AG Neovo,AGNEO
RTV,RTVXX,Amplituner,AMPLI,Aiwa,AIWAX
RTV,RTVXX,Głośnik,GLOSN,Aiwa,AIWAX
RTV,RTVXX,Radio,RADIO,Aiwa,AIWAX
RTV,RTVXX,Amplituner,AMPLI,Akai,AKAIX
RTV,RTVXX,Telewizor,TELEW,Akai,AKAIX
RTV,RTVXX,Słuchawki,SLUCH,AKG,AKGXX
RTV,RTVXX,Monitor,MONIT,Alienware,ALIEN
RTV,RTVXX,Telewizor,TELEW,Allview,ALLVI
RTV,RTVXX,Głośnik,GLOSN,Amazon,AMAZO
RTV,RTVXX,Głośnik,GLOSN,Anker,ANKER
RTV,RTVXX,Słuchawki,SLUCH,Anker,ANKER
RTV,RTVXX,Monitor,MONIT,AOC,AOCXX
RTV,RTVXX,Dyski zewnętrzne i przenośne,DYSKI,Apacer,APACE
RTV,RTVXX,Głośnik,GLOSN,Apple,APPLE
RTV,RTVXX,Słuchawki,SLUCH,Apple,APPLE
RTV,RTVXX,Dyski zewnętrzne i przenośne,DYSKI,Apple,APPLE
RTV,RTVXX,Monitor,MONIT,Apple,APPLE
RTV,RTVXX,Amplituner,AMPLI,Arcam,ARCAM
RTV,RTVXX,Monitor,MONIT,Arzopa,ARZOP
RTV,RTVXX,Monitor,MONIT,ASRock,ASROC
RTV,RTVXX,Dyski zewnętrzne i przenośne,DYSKI,Asus,ASUSX
RTV,RTVXX,Monitor,MONIT,Asus,ASUSX
RTV,RTVXX,Słuchawki,SLUCH,Audio-Technica,AUDIO
RTV,RTVXX,Radio,RADIO,Audizio,AUDIZ
RTV,RTVXX,Radio,RADIO,Auna,AUNAX
RTV,RTVXX,Monitor,MONIT,AVTek,AVTEK
RTV,RTVXX,Głośnik,GLOSN,Awei,AWEIX
RTV,RTVXX,Amplituner,AMPLI,Bang & Olufsen,BANGO
RTV,RTVXX,Słuchawki,SLUCH,Bang & Olufsen,BANGO
RTV,RTVXX,Słuchawki,SLUCH,Beats by Dre,BEATS
RTV,RTVXX,Głośnik,GLOSN,Bedee,BEDEE
RTV,RTVXX,Telewizor,TELEW,BenQ,BENQX
RTV,RTVXX,Słuchawki,SLUCH,Beyerdynamic,BEYER
RTV,RTVXX,Głośnik,GLOSN,Blaupunkt,BLAUP
RTV,RTVXX,Odtwarzacz DVD,ODTWA,Blaupunkt,BLAUP
RTV,RTVXX,Radio,RADIO,Blaupunkt,BLAUP
RTV,RTVXX,Wieża stereo,WIEZA,Blaupunkt,BLAUP
RTV,RTVXX,Głośnik,GLOSN,Blow,BLOWX
RTV,RTVXX,Radio,RADIO,Blow,BLOWX
RTV,RTVXX,Głośnik,GLOSN,Bose,BOSEX
RTV,RTVXX,Radio,RADIO,Bose,BOSEX
RTV,RTVXX,Słuchawki,SLUCH,Bose,BOSEX
RTV,RTVXX,Soundbar,SOUND,Bose,BOSEX
RTV,RTVXX,Wieża stereo,WIEZA,Bose,BOSEX
RTV,RTVXX,Amplituner,AMPLI,Braun,BRAUN
RTV,RTVXX,Amplituner,AMPLI,Cambridge Audio,CAMBR
RTV,RTVXX,Odtwarzacz DVD,ODTWA,Cambridge Audio,CAMBR
RTV,RTVXX,Głośnik,GLOSN,Camry,CAMRY
RTV,RTVXX,Radio,RADIO,Camry,CAMRY
RTV,RTVXX,Głośnik,GLOSN,ChargE,CHARG
RTV,RTVXX,Telewizor,TELEW,CHiQ,CHIQX
RTV,RTVXX,Dyski zewnętrzne i przenośne,DYSKI,Corsair,CORSA
RTV,RTVXX,Monitor,MONIT,Corsair,CORSA
RTV,RTVXX,Słuchawki,SLUCH,Creative,CREAT
RTV,RTVXX,Soundbar,SOUND,Creative,CREAT
RTV,RTVXX,Dyski zewnętrzne i przenośne,DYSKI,Dahua,DAHUA
RTV,RTVXX,Monitor,MONIT,Dahua,DAHUA
RTV,RTVXX,Telewizor,TELEW,Dahua,DAHUA
RTV,RTVXX,Głośnik,GLOSN,Dali,DALIX
RTV,RTVXX,Głośnik,GLOSN,Defender,DEFEN
RTV,RTVXX,Dyski zewnętrzne i przenośne,DYSKI,Dell,DELLX
RTV,RTVXX,Monitor,MONIT,Dell,DELLX
RTV,RTVXX,Amplituner,AMPLI,Denon,DENON
RTV,RTVXX,Głośnik,GLOSN,Denon,DENON
RTV,RTVXX,Odtwarzacz DVD,ODTWA,Denon,DENON
RTV,RTVXX,Soundbar,SOUND,Denon,DENON
RTV,RTVXX,Wieża stereo,WIEZA,Denon,DENON
RTV,RTVXX,Głośnik,GLOSN,Denver,DENVE
RTV,RTVXX,Radio,RADIO,Denver,DENVE
RTV,RTVXX,Radio,RADIO,Dexon,DEXON
RTV,RTVXX,Radio,RADIO,Dual,DUALX
RTV,RTVXX,Telewizor,TELEW,Dyon,DYONX
RTV,RTVXX,Głośnik,GLOSN,Edifier,EDIFI
RTV,RTVXX,Słuchawki,SLUCH,Edifier,EDIFI
RTV,RTVXX,Monitor,MONIT,Eizo,EIZOX
RTV,RTVXX,Monitor,MONIT,Elgato,ELGAT
RTV,RTVXX,Radio,RADIO,Eltra,ELTRA
RTV,RTVXX,Głośnik,GLOSN,Energy Sistem,ENERG
RTV,RTVXX,Głośnik,GLOSN,Esperanza,ESPER
RTV,RTVXX,Słuchawki,SLUCH,FiiO,FIIOX
RTV,RTVXX,Wieża stereo,WIEZA,FiiO,FIIOX
RTV,RTVXX,Telewizor,TELEW,Finlux,FINLU
RTV,RTVXX,Głośnik,GLOSN,Forever,FOREV
RTV,RTVXX,Głośnik,GLOSN,Fresh 'n Rebel,FRES1
RTV,RTVXX,Dyski zewnętrzne i przenośne,DYSKI,Fujitsu,FUJIT
RTV,RTVXX,Odtwarzacz DVD,ODTWA,Funai,FUNAI
RTV,RTVXX,Głośnik,GLOSN,Gembird,GEMBI
RTV,RTVXX,Dyski zewnętrzne i przenośne,DYSKI,Gigabyte,GIGAB
RTV,RTVXX,Monitor,MONIT,Gigabyte,GIGAB
RTV,RTVXX,Radio,RADIO,GoGEN,GOGEN
RTV,RTVXX,Telewizor,TELEW,GoGEN,GOGEN
RTV,RTVXX,Dyski zewnętrzne i przenośne,DYSKI,Goodram,GOODR
RTV,RTVXX,Słuchawki,SLUCH,Google,GOOGL
RTV,RTVXX,Odtwarzacz DVD,ODTWA,Grundig,GRUND
RTV,RTVXX,Radio,RADIO,Grundig,GRUND
RTV,RTVXX,Telewizor,TELEW,Grundig,GRUND
RTV,RTVXX,Wieża stereo,WIEZA,Grundig,GRUND
RTV,RTVXX,Głośnik,GLOSN,Guess,GUESS
RTV,RTVXX,Głośnik,GLOSN,Hama,HAMAX
RTV,RTVXX,Radio,RADIO,Hama,HAMAX
RTV,RTVXX,Amplituner,AMPLI,Harman Kardon,HARMA
RTV,RTVXX,Głośnik,GLOSN,Harman Kardon,HARMA
RTV,RTVXX,Soundbar,SOUND,Harman Kardon,HARMA
RTV,RTVXX,Wieża stereo,WIEZA,Harman Kardon,HARMA
RTV,RTVXX,Głośnik,GLOSN,Havit,HAVIT
RTV,RTVXX,Głośnik,GLOSN,HiFuture,HIFUT
RTV,RTVXX,Dyski zewnętrzne i przenośne,DYSKI,HIKSEMI,HIKSE
RTV,RTVXX,Telewizor,TELEW,Hisense,HISEN
RTV,RTVXX,Amplituner,AMPLI,Hitachi,HITAC
RTV,RTVXX,Odtwarzacz DVD,ODTWA,Hitachi,HITAC
RTV,RTVXX,Dyski zewnętrzne i przenośne,DYSKI,Hitachi,HITAC
RTV,RTVXX,Telewizor,TELEW,Hitachi,HITAC
RTV,RTVXX,Głośnik,GLOSN,Hoco,HOCOX
RTV,RTVXX,Dyski zewnętrzne i przenośne,DYSKI,HP,HPXXX
RTV,RTVXX,Monitor,MONIT,HP,HPXXX
RTV,RTVXX,Dyski zewnętrzne i przenośne,DYSKI,HPE,HPEXX
RTV,RTVXX,Głośnik,GLOSN,Huawei,HUAWE
RTV,RTVXX,Słuchawki,SLUCH,Huawei,HUAWE
RTV,RTVXX,Telewizor,TELEW,Huawei,HUAWE
RTV,RTVXX,Monitor,MONIT,Huawei,HUAWE
RTV,RTVXX,Słuchawki,SLUCH,HyperX,HYPE1
RTV,RTVXX,Radio,RADIO,Hyundai,HYUND
RTV,RTVXX,Telewizor,TELEW,Hyundai,HYUND
RTV,RTVXX,Dyski zewnętrzne i przenośne,DYSKI,IBM,IBMXX
RTV,RTVXX,Monitor,MONIT,IIYAMA,IIYAM
RTV,RTVXX,Dyski zewnętrzne i przenośne,DYSKI,Intel,INTEL
RTV,RTVXX,Słuchawki,SLUCH,Jabra,JABRA
RTV,RTVXX,Amplituner,AMPLI,JBL,JBLXX
RTV,RTVXX,Głośnik,GLOSN,JBL,JBLXX
RTV,RTVXX,Słuchawki,SLUCH,JBL,JBLXX
RTV,RTVXX,Soundbar,SOUND,JBL,JBLXX
RTV,RTVXX,Amplituner,AMPLI,JVC,JVCXX
RTV,RTVXX,Odtwarzacz DVD,ODTWA,JVC,JVCXX
RTV,RTVXX,Radio,RADIO,JVC,JVCXX
RTV,RTVXX,Telewizor,TELEW,JVC,JVCXX
RTV,RTVXX,Wieża stereo,WIEZA,JVC,JVCXX
RTV,RTVXX,Amplituner,AMPLI,Kenwood,KENWO
RTV,RTVXX,Radio,RADIO,Kenwood,KENWO
RTV,RTVXX,Wieża stereo,WIEZA,Kenwood,KENWO
RTV,RTVXX,Telewizor,TELEW,Kiano,KIANO
RTV,RTVXX,Dyski zewnętrzne i przenośne,DYSKI,Kingston,KINGS
RTV,RTVXX,Dyski zewnętrzne i przenośne,DYSKI,Kioxia,KIOXI
RTV,RTVXX,Telewizor,TELEW,Kivi,KIVIX
RTV,RTVXX,Soundbar,SOUND,Klipsch,KLIPS
RTV,RTVXX,Monitor,MONIT,Koorui,KOORU
RTV,RTVXX,Radio,RADIO,Kruger&Matz,KRUGE
RTV,RTVXX,Głośnik,GLOSN,Kruger&Matz,KRUGE
RTV,RTVXX,Monitor,MONIT,Kruger&Matz,KRUGE
RTV,RTVXX,Telewizor,TELEW,Kruger&Matz,KRUGE
RTV,RTVXX,Głośnik,GLOSN,Lab,LABXX
RTV,RTVXX,Odtwarzacz DVD,ODTWA,Lenco,LENCO
RTV,RTVXX,Radio,RADIO,Lenco,LENCO
RTV,RTVXX,Głośnik,GLOSN,Lenovo,LENOV
RTV,RTVXX,Dyski zewnętrzne i przenośne,DYSKI,Lenovo,LENOV
RTV,RTVXX,Monitor,MONIT,Lenovo,LENOV
RTV,RTVXX,Głośnik,GLOSN,Lexibook,LEXIB
RTV,RTVXX,Głośnik,GLOSN,Lexon,LEXON
RTV,RTVXX,Głośnik,GLOSN,LG,LGXXX
RTV,RTVXX,Odtwarzacz DVD,ODTWA,LG,LGXXX
RTV,RTVXX,Soundbar,SOUND,LG,LGXXX
RTV,RTVXX,Telewizor,TELEW,LG,LGXXX
RTV,RTVXX,Monitor,MONIT,LG,LGXXX
RTV,RTVXX,Wieża stereo,WIEZA,LG,LGXXX
RTV,RTVXX,Telewizor,TELEW,Lin,LINXX
RTV,RTVXX,Głośnik,GLOSN,Logitech,LOGIT
RTV,RTVXX,Słuchawki,SLUCH,Logitech,LOGIT
RTV,RTVXX,Amplituner,AMPLI,Magnat,MAGNA
RTV,RTVXX,Głośnik,GLOSN,Makita,MAKIT
RTV,RTVXX,Głośnik,GLOSN,Manta,MANTA
RTV,RTVXX,Telewizor,TELEW,Manta,MANTA
RTV,RTVXX,Amplituner,AMPLI,Marantz,MARAN
RTV,RTVXX,Głośnik,GLOSN,Marantz,MARAN
RTV,RTVXX,Wieża stereo,WIEZA,Marantz,MARAN
RTV,RTVXX,Głośnik,GLOSN,Marshall,MARSH
RTV,RTVXX,Słuchawki,SLUCH,Marshall,MARSH
RTV,RTVXX,Dyski zewnętrzne i przenośne,DYSKI,Maxtor,MAXTO
RTV,RTVXX,Głośnik,GLOSN,Media-tech,MEDIA
RTV,RTVXX,Radio,RADIO,Medion,MEDIO
RTV,RTVXX,Telewizor,TELEW,Medion,MEDIO
RTV,RTVXX,Telewizor,TELEW,Megasat,MEGAS
RTV,RTVXX,Telewizor,TELEW,Metz,METZX
RTV,RTVXX,Dyski zewnętrzne i przenośne,DYSKI,Micron,MICR2
RTV,RTVXX,Głośnik,GLOSN,Monitor Audio,MONIT
RTV,RTVXX,Dyski zewnętrzne i przenośne,DYSKI,MSI,MSIXX
RTV,RTVXX,Monitor,MONIT,MSI,MSIXX
RTV,RTVXX,Głośnik,GLOSN,Muse,MUSEX
RTV,RTVXX,Radio,RADIO,Muse,MUSEX
RTV,RTVXX,Amplituner,AMPLI,NAD,NADXX
RTV,RTVXX,Amplituner,AMPLI,Naim,NAIMX
RTV,RTVXX,Monitor,MONIT,NEC,NECXX
RTV,RTVXX,Telewizor,TELEW,Nokia,NOKIA
RTV,RTVXX,Słuchawki,SLUCH,OnePlus,ONEPL
RTV,RTVXX,Amplituner,AMPLI,Onkyo,ONKYO
RTV,RTVXX,Odtwarzacz DVD,ODTWA,Onkyo,ONKYO
RTV,RTVXX,Soundbar,SOUND,Onkyo,ONKYO
RTV,RTVXX,Wieża stereo,WIEZA,Onkyo,ONKYO
RTV,RTVXX,Odtwarzacz DVD,ODTWA,Oppo,OPPOX
RTV,RTVXX,Monitor,MONIT,Optoma,OPTOM
RTV,RTVXX,Amplituner,AMPLI,Panasonic,PANAS
RTV,RTVXX,Głośnik,GLOSN,Panasonic,PANAS
RTV,RTVXX,Odtwarzacz DVD,ODTWA,Panasonic,PANAS
RTV,RTVXX,Radio,RADIO,Panasonic,PANAS
RTV,RTVXX,Słuchawki,SLUCH,Panasonic,PANAS
RTV,RTVXX,Soundbar,SOUND,Panasonic,PANAS
RTV,RTVXX,Telewizor,TELEW,Panasonic,PANAS
RTV,RTVXX,Monitor,MONIT,Panasonic,PANAS
RTV,RTVXX,Wieża stereo,WIEZA,Panasonic,PANAS
RTV,RTVXX,Dyski zewnętrzne i przenośne,DYSKI,Patriot,PATRI
RTV,RTVXX,Amplituner,AMPLI,Philips,PHILI
RTV,RTVXX,Głośnik,GLOSN,Philips,PHILI
RTV,RTVXX,Odtwarzacz DVD,ODTWA,Philips,PHILI
RTV,RTVXX,Radio,RADIO,Philips,PHILI
RTV,RTVXX,Słuchawki,SLUCH,Philips,PHILI
RTV,RTVXX,Soundbar,SOUND,Philips,PHILI
RTV,RTVXX,Telewizor,TELEW,Philips,PHILI
RTV,RTVXX,Monitor,MONIT,Philips,PHILI
RTV,RTVXX,Wieża stereo,WIEZA,Philips,PHILI
RTV,RTVXX,Amplituner,AMPLI,Pioneer,PIONE
RTV,RTVXX,Odtwarzacz DVD,ODTWA,Pioneer,PIONE
RTV,RTVXX,Radio,RADIO,Pioneer,PIONE
RTV,RTVXX,Wieża stereo,WIEZA,Pioneer,PIONE
RTV,RTVXX,Słuchawki,SLUCH,Plantronics,PLANT
RTV,RTVXX,Głośnik,GLOSN,Polaroid,POLA2
RTV,RTVXX,Soundbar,SOUND,Polk Audio,POLKA
RTV,RTVXX,Głośnik,GLOSN,PRIME,PRIME
RTV,RTVXX,Radio,RADIO,PRIME,PRIME
RTV,RTVXX,Dyski zewnętrzne i przenośne,DYSKI,Quantum,QUANT
RTV,RTVXX,Słuchawki,SLUCH,Razer,RAZER
RTV,RTVXX,Głośnik,GLOSN,Rebeltec,REBE1
RTV,RTVXX,Monitor,MONIT,Redragon,REDRA
RTV,RTVXX,Radio,RADIO,Roberts Radio,ROBER
RTV,RTVXX,Amplituner,AMPLI,SABA,SABAX
RTV,RTVXX,Odtwarzacz DVD,ODTWA,Samsung,SAMSU
RTV,RTVXX,Słuchawki,SLUCH,Samsung,SAMSU
RTV,RTVXX,Dyski zewnętrzne i przenośne,DYSKI,Samsung,SAMSU
RTV,RTVXX,Soundbar,SOUND,Samsung,SAMSU
RTV,RTVXX,Telewizor,TELEW,Samsung,SAMSU
RTV,RTVXX,Monitor,MONIT,Samsung,SAMSU
RTV,RTVXX,Wieża stereo,WIEZA,Samsung,SAMSU
RTV,RTVXX,Radio,RADIO,Sangean,SANGE
RTV,RTVXX,Amplituner,AMPLI,Sansui,SANSU
RTV,RTVXX,Dyski zewnętrzne i przenośne,DYSKI,Seagate,SEAGA
RTV,RTVXX,Głośnik,GLOSN,Sencor,SENCO
RTV,RTVXX,Telewizor,TELEW,Sencor,SENCO
RTV,RTVXX,Słuchawki,SLUCH,Sennheiser,SENNH
RTV,RTVXX,Soundbar,SOUND,Sennheiser,SENNH
RTV,RTVXX,Głośnik,GLOSN,Sharp,SHARP
RTV,RTVXX,Odtwarzacz DVD,ODTWA,Sharp,SHARP
RTV,RTVXX,Radio,RADIO,Sharp,SHARP
RTV,RTVXX,Soundbar,SOUND,Sharp,SHARP
RTV,RTVXX,Telewizor,TELEW,Sharp,SHARP
RTV,RTVXX,Wieża stereo,WIEZA,Sharp,SHARP
RTV,RTVXX,Amplituner,AMPLI,Sherwood,SHERW
RTV,RTVXX,Słuchawki,SLUCH,Shure,SHURE
RTV,RTVXX,Telewizor,TELEW,Siemens,SIEME
RTV,RTVXX,Dyski zewnętrzne i przenośne,DYSKI,Silicon Power,SILIC
RTV,RTVXX,Głośnik,GLOSN,SilverCrest,SILVE
RTV,RTVXX,Radio,RADIO,SilverCrest,SILVE
RTV,RTVXX,Słuchawki,SLUCH,Skullcandy,SKUL1
RTV,RTVXX,Soundbar,SOUND,Sonos,SONOS
RTV,RTVXX,Amplituner,AMPLI,Sony,SONYX
RTV,RTVXX,Głośnik,GLOSN,Sony,SONYX
RTV,RTVXX,Odtwarzacz DVD,ODTWA,Sony,SONYX
RTV,RTVXX,Radio,RADIO,Sony,SONYX
RTV,RTVXX,Słuchawki,SLUCH,Sony,SONYX
RTV,RTVXX,Soundbar,SOUND,Sony,SONYX
RTV,RTVXX,Monitor,MONIT,Sony,SONYX
RTV,RTVXX,Wieża stereo,WIEZA,Sony,SONYX
RTV,RTVXX,Głośnik,GLOSN,SoundCore,SOUN1
RTV,RTVXX,Słuchawki,SLUCH,SoundCore,SOUN1
RTV,RTVXX,Radio,RADIO,Soundmaster,SOUN2
RTV,RTVXX,Głośnik,GLOSN,Squeak,SQUEA
RTV,RTVXX,Słuchawki,SLUCH,SteelSeries,STEEL
RTV,RTVXX,Dyski zewnętrzne i przenośne,DYSKI,Synology,SYNOL
RTV,RTVXX,Amplituner,AMPLI,TAGA Harmony,TAGAH
RTV,RTVXX,Głośnik,GLOSN,TAGA Harmony,TAGAH
RTV,RTVXX,Soundbar,SOUND,TCL,TCLXX
RTV,RTVXX,Monitor,MONIT,TCL,TCLXX
RTV,RTVXX,Telewizor,TELEW,TCL,TCLXX
RTV,RTVXX,Odtwarzacz DVD,ODTWA,Teac,TEACX
RTV,RTVXX,Wieża stereo,WIEZA,Teac,TEACX
RTV,RTVXX,Głośnik,GLOSN,Techly,TECHL
RTV,RTVXX,Amplituner,AMPLI,Technics,TECH1
RTV,RTVXX,Wieża stereo,WIEZA,Technics,TECH1
RTV,RTVXX,Radio,RADIO,TechniSat,TECH2
RTV,RTVXX,Radio,RADIO,Tecsun,TECSU
RTV,RTVXX,Amplituner,AMPLI,Telefunken,TELEF
RTV,RTVXX,Telewizor,TELEW,Telefunken,TELEF
RTV,RTVXX,Telewizor,TELEW,Thomson,THOMS
RTV,RTVXX,Radio,RADIO,Tivoli Audio,TIVOL
RTV,RTVXX,Odtwarzacz DVD,ODTWA,Toshiba,TOSHI
RTV,RTVXX,Dyski zewnętrzne i przenośne,DYSKI,Toshiba,TOSHI
RTV,RTVXX,Telewizor,TELEW,Toshiba,TOSHI
RTV,RTVXX,Głośnik,GLOSN,Tracer,TRACE
RTV,RTVXX,Dyski zewnętrzne i przenośne,DYSKI,Transcend,TRAN1
RTV,RTVXX,Głośnik,GLOSN,Tronsmart,TRONS
RTV,RTVXX,Amplituner,AMPLI,Unitra,UNITR
RTV,RTVXX,Monitor,MONIT,UPERFECT,UPERF
RTV,RTVXX,Dyski zewnętrzne i przenośne,DYSKI,Verbatim,VERBA
RTV,RTVXX,Monitor,MONIT,Verbatim,VERBA
RTV,RTVXX,Monitor,MONIT,ViewSonic,VIEWS
RTV,RTVXX,Soundbar,SOUND,Vizio,VIZIO
RTV,RTVXX,Amplituner,AMPLI,Voice Kraft,VOICE
RTV,RTVXX,Głośnik,GLOSN,Voice Kraft,VOICE
RTV,RTVXX,Głośnik,GLOSN,Vonyx,VONYX
RTV,RTVXX,Dyski zewnętrzne i przenośne,DYSKI,Western Digital,WESTE
RTV,RTVXX,Głośnik,GLOSN,W-King,WKING
RTV,RTVXX,Głośnik,GLOSN,Xiaomi,XIAOM
RTV,RTVXX,Soundbar,SOUND,Xiaomi,XIAOM
RTV,RTVXX,Telewizor,TELEW,Xiaomi,XIAOM
RTV,RTVXX,Monitor,MONIT,Xiaomi,XIAOM
RTV,RTVXX,Głośnik,GLOSN,xMusic,XMUSI
RTV,RTVXX,Amplituner,AMPLI,Yamaha,YAMAH
RTV,RTVXX,Głośnik,GLOSN,Yamaha,YAMAH
RTV,RTVXX,Odtwarzacz DVD,ODTWA,Yamaha,YAMAH
RTV,RTVXX,Soundbar,SOUND,Yamaha,YAMAH
RTV,RTVXX,Wieża stereo,WIEZA,Yamaha,YAMAH
RTV,RTVXX,Monitor,MONIT,ZOWIE,ZOWIE
Urządzenia mobilne,URZAD,Laptop,LAPTO,Acer,ACERX
Urządzenia mobilne,URZAD,Tablet,TABLE,Acer,ACERX
Urządzenia mobilne,URZAD,Smartfon,SMAR1,Acer,ACERX
Urządzenia mobilne,URZAD,Smartwatch,SMAR2,Active Band,ACTIV
Urządzenia mobilne,URZAD,Smartfon,SMAR1,AGM,AGMXX
Urządzenia mobilne,URZAD,Smartfon,SMAR1,Alcatel,ALCAT
Urządzenia mobilne,URZAD,Tablet,TABLE,Alcatel,ALCAT
Urządzenia mobilne,URZAD,Tablet,TABLE,Allview,ALLVI
Urządzenia mobilne,URZAD,Smartwatch,SMAR2,Amazfit,AMAZF
Urządzenia mobilne,URZAD,Tablet,TABLE,Amazon,AMAZO
Urządzenia mobilne,URZAD,Smartwatch,SMAR2,Angelo Watches,ANGEL
Urządzenia mobilne,URZAD,Smartwatch,SMAR2,Apple,APPLE
Urządzenia mobilne,URZAD,Laptop,LAPTO,Apple,APPLE
Urządzenia mobilne,URZAD,Tablet,TABLE,Apple,APPLE
Urządzenia mobilne,URZAD,Smartfon,SMAR1,Apple,APPLE
Urządzenia mobilne,URZAD,Tablet,TABLE,Archos,ARCHO
Urządzenia mobilne,URZAD,Laptop,LAPTO,Asus,ASUSX
Urządzenia mobilne,URZAD,Tablet,TABLE,Asus,ASUSX
Urządzenia mobilne,URZAD,Smartfon,SMAR1,Asus,ASUSX
Urządzenia mobilne,URZAD,Smartwatch,SMAR2,Bemi,BEMIX
Urządzenia mobilne,URZAD,Smartfon,SMAR1,BenQ,BENQX
Urządzenia mobilne,URZAD,Smartwatch,SMAR2,Blackview,BLAC2
Urządzenia mobilne,URZAD,Tablet,TABLE,Blackview,BLAC2
Urządzenia mobilne,URZAD,Smartfon,SMAR1,Blackview,BLAC2
Urządzenia mobilne,URZAD,Tablet,TABLE,Blow,BLOWX
Urządzenia mobilne,URZAD,Smartfon,SMAR1,Bosch,BOSCH
Urządzenia mobilne,URZAD,Smartfon,SMAR1,CAT,CATXX
Urządzenia mobilne,URZAD,Laptop,LAPTO,Chuwi,CHUWI
Urządzenia mobilne,URZAD,Tablet,TABLE,Chuwi,CHUWI
Urządzenia mobilne,URZAD,Smartwatch,SMAR2,Colmi,COLMI
Urządzenia mobilne,URZAD,Smartfon,SMAR1,Cubot,CUBOT
Urządzenia mobilne,URZAD,Laptop,LAPTO,Dell,DELLX
Urządzenia mobilne,URZAD,Tablet,TABLE,Dell,DELLX
Urządzenia mobilne,URZAD,Smartwatch,SMAR2,Denver,DENVE
Urządzenia mobilne,URZAD,Smartfon,SMAR1,Doogee,DOOGE
Urządzenia mobilne,URZAD,Tablet,TABLE,Doogee,DOOGE
Urządzenia mobilne,URZAD,Smartwatch,SMAR2,Fitbit,FITBI
Urządzenia mobilne,URZAD,Smartwatch,SMAR2,Forever,FOREV
Urządzenia mobilne,URZAD,Smartwatch,SMAR2,Fossil,FOSSI
Urządzenia mobilne,URZAD,Laptop,LAPTO,Fujitsu,FUJIT
Urządzenia mobilne,URZAD,Smartwatch,SMAR2,G.Rossi,GROSS
Urządzenia mobilne,URZAD,Smartwatch,SMAR2,Garett,GARET
Urządzenia mobilne,URZAD,Smartwatch,SMAR2,Garmin,GARMI
Urządzenia mobilne,URZAD,Smartwatch,SMAR2,Giewont,GIEWO
Urządzenia mobilne,URZAD,Laptop,LAPTO,Gigabyte,GIGAB
Urządzenia mobilne,URZAD,Smartfon,SMAR1,Gigaset,GIGAS
Urządzenia mobilne,URZAD,Smartwatch,SMAR2,Google,GOOGL
Urządzenia mobilne,URZAD,Laptop,LAPTO,Google,GOOGL
Urządzenia mobilne,URZAD,Tablet,TABLE,Google,GOOGL
Urządzenia mobilne,URZAD,Smartfon,SMAR1,Google,GOOGL
Urządzenia mobilne,URZAD,Smartwatch,SMAR2,Gravity,GRAVI
Urządzenia mobilne,URZAD,Smartwatch,SMAR2,Hama,HAMAX
Urządzenia mobilne,URZAD,Smartwatch,SMAR2,Hammer,HAMME
Urządzenia mobilne,URZAD,Smartfon,SMAR1,Hammer,HAMME
Urządzenia mobilne,URZAD,Smartwatch,SMAR2,Haylou,HAYLO
Urządzenia mobilne,URZAD,Smartwatch,SMAR2,HiFuture,HIFUT
Urządzenia mobilne,URZAD,Smartfon,SMAR1,Hisense,HISEN
Urządzenia mobilne,URZAD,Smartfon,SMAR1,HMD,HMDXX
Urządzenia mobilne,URZAD,Smartwatch,SMAR2,Honor,HONOR
Urządzenia mobilne,URZAD,Tablet,TABLE,Honor,HONOR
Urządzenia mobilne,URZAD,Smartfon,SMAR1,Honor,HONOR
Urządzenia mobilne,URZAD,Tablet,TABLE,Hotwav,HOTWA
Urządzenia mobilne,URZAD,Laptop,LAPTO,HP,HPXXX
Urządzenia mobilne,URZAD,Tablet,TABLE,HP,HPXXX
Urządzenia mobilne,URZAD,Smartfon,SMAR1,HTC,HTCXX
Urządzenia mobilne,URZAD,Smartwatch,SMAR2,Huawei,HUAWE
Urządzenia mobilne,URZAD,Laptop,LAPTO,Huawei,HUAWE
Urządzenia mobilne,URZAD,Tablet,TABLE,Huawei,HUAWE
Urządzenia mobilne,URZAD,Smartfon,SMAR1,Huawei,HUAWE
Urządzenia mobilne,URZAD,Laptop,LAPTO,Hyperbook,HYPE2
Urządzenia mobilne,URZAD,Tablet,TABLE,Hyundai,HYUND
Urządzenia mobilne,URZAD,Smartwatch,SMAR2,IMILAB,IMILA
Urządzenia mobilne,URZAD,Smartwatch,SMAR2,INDYGO,INDYG
Urządzenia mobilne,URZAD,Smartfon,SMAR1,Infinix,INFIN
Urządzenia mobilne,URZAD,Smartwatch,SMAR2,JG Smart,JGSMA
Urządzenia mobilne,URZAD,Smartwatch,SMAR2,Joyroom,JOYRO
Urządzenia mobilne,URZAD,Smartwatch,SMAR2,Kiano,KIANO
Urządzenia mobilne,URZAD,Tablet,TABLE,Kiano,KIANO
Urządzenia mobilne,URZAD,Smartwatch,SMAR2,Kidizwatch,KIDIZ
Urządzenia mobilne,URZAD,Tablet,TABLE,Kruger&Matz,KRUGE
Urządzenia mobilne,URZAD,Smartwatch,SMAR2,Lazird,LAZIR
Urządzenia mobilne,URZAD,Laptop,LAPTO,Lenovo,LENOV
Urządzenia mobilne,URZAD,Tablet,TABLE,Lenovo,LENOV
Urządzenia mobilne,URZAD,Smartfon,SMAR1,Lenovo,LENOV
Urządzenia mobilne,URZAD,Smartwatch,SMAR2,Lewer,LEWER
Urządzenia mobilne,URZAD,Laptop,LAPTO,LG,LGXXX
Urządzenia mobilne,URZAD,Tablet,TABLE,LG,LGXXX
Urządzenia mobilne,URZAD,Smartfon,SMAR1,LG,LGXXX
Urządzenia mobilne,URZAD,Smartwatch,SMAR2,Maimo,MAIMO
Urządzenia mobilne,URZAD,Smartwatch,SMAR2,Manta,MANTA
Urządzenia mobilne,URZAD,Smartwatch,SMAR2,Maxcom,MAXCO
Urządzenia mobilne,URZAD,Smartwatch,SMAR2,MaXlife,MAXLI
Urządzenia mobilne,URZAD,Smartwatch,SMAR2,Media-tech,MEDIA
Urządzenia mobilne,URZAD,Laptop,LAPTO,Medion,MEDIO
Urządzenia mobilne,URZAD,Tablet,TABLE,Medion,MEDIO
Urządzenia mobilne,URZAD,Smartwatch,SMAR2,Mibro,MIBRO
Urządzenia mobilne,URZAD,Laptop,LAPTO,Microsoft,MICR1
Urządzenia mobilne,URZAD,Tablet,TABLE,Microsoft,MICR1
Urządzenia mobilne,URZAD,Smartfon,SMAR1,Microsoft,MICR1
Urządzenia mobilne,URZAD,Smartwatch,SMAR2,Mobvoi,MOBVO
Urządzenia mobilne,URZAD,Tablet,TABLE,Motorola,MOTOR
Urządzenia mobilne,URZAD,Smartfon,SMAR1,Motorola,MOTOR
Urządzenia mobilne,URZAD,Laptop,LAPTO,MSI,MSIXX
Urządzenia mobilne,URZAD,Smartwatch,SMAR2,myPhone,MYPHO
Urządzenia mobilne,URZAD,Tablet,TABLE,Navitel,NAVIT
Urządzenia mobilne,URZAD,Tablet,TABLE,Nokia,NOKIA
Urządzenia mobilne,URZAD,Smartfon,SMAR1,Nokia,NOKIA
Urządzenia mobilne,URZAD,Smartfon,SMAR1,Nothing,NOTHI
Urządzenia mobilne,URZAD,Laptop,LAPTO,NTT System,NTTSY
Urządzenia mobilne,URZAD,Tablet,TABLE,nVidia,NVIDI
Urządzenia mobilne,URZAD,Smartwatch,SMAR2,OnePlus,ONEPL
Urządzenia mobilne,URZAD,Smartfon,SMAR1,OnePlus,ONEPL
Urządzenia mobilne,URZAD,Tablet,TABLE,OnePlus,ONEPL
Urządzenia mobilne,URZAD,Smartfon,SMAR1,Oppo,OPPOX
Urządzenia mobilne,URZAD,Tablet,TABLE,Oppo,OPPOX
Urządzenia mobilne,URZAD,Smartwatch,SMAR2,Oromed,OROME
Urządzenia mobilne,URZAD,Smartfon,SMAR1,Oukitel,OUKIT
Urządzenia mobilne,URZAD,Tablet,TABLE,Oukitel,OUKIT
Urządzenia mobilne,URZAD,Tablet,TABLE,Overmax,OVERM
Urządzenia mobilne,URZAD,Smartwatch,SMAR2,Pacific,PACIF
Urządzenia mobilne,URZAD,Laptop,LAPTO,Panasonic,PANAS
Urządzenia mobilne,URZAD,Tablet,TABLE,Panasonic,PANAS
Urządzenia mobilne,URZAD,Smartfon,SMAR1,Panasonic,PANAS
Urządzenia mobilne,URZAD,Smartfon,SMAR1,Poco,POCOX
Urządzenia mobilne,URZAD,Smartwatch,SMAR2,Polar,POLA1
Urządzenia mobilne,URZAD,Tablet,TABLE,Prestigio,PREST
Urządzenia mobilne,URZAD,Laptop,LAPTO,Razer,RAZER
Urządzenia mobilne,URZAD,Smartfon,SMAR1,realme,REALM
Urządzenia mobilne,URZAD,Tablet,TABLE,realme,REALM
Urządzenia mobilne,URZAD,Smartwatch,SMAR2,Rubicon,RUBIC
Urządzenia mobilne,URZAD,Smartwatch,SMAR2,Samsung,SAMSU
Urządzenia mobilne,URZAD,Laptop,LAPTO,Samsung,SAMSU
Urządzenia mobilne,URZAD,Tablet,TABLE,Samsung,SAMSU
Urządzenia mobilne,URZAD,Smartfon,SMAR1,Samsung,SAMSU
Urządzenia mobilne,URZAD,Tablet,TABLE,Sencor,SENCO
Urządzenia mobilne,URZAD,Smartwatch,SMAR2,Sensorr,SENSO
Urządzenia mobilne,URZAD,Smartfon,SMAR1,Sharp,SHARP
Urządzenia mobilne,URZAD,Smartfon,SMAR1,Siemens,SIEME
Urządzenia mobilne,URZAD,Smartwatch,SMAR2,Smart-Trend,SMAR1
Urządzenia mobilne,URZAD,Smartfon,SMAR1,Sony,SONYX
Urządzenia mobilne,URZAD,Laptop,LAPTO,Sony,SONYX
Urządzenia mobilne,URZAD,Smartwatch,SMAR2,Suunto,SUUNT
Urządzenia mobilne,URZAD,Tablet,TABLE,TCL,TCLXX
Urządzenia mobilne,URZAD,Smartfon,SMAR1,TCL,TCLXX
Urządzenia mobilne,URZAD,Laptop,LAPTO,Techbite,TECHB
Urządzenia mobilne,URZAD,Tablet,TABLE,Teclast,TECLA
Urządzenia mobilne,URZAD,Smartfon,SMAR1,Tecno,TECNO
Urządzenia mobilne,URZAD,Laptop,LAPTO,Toshiba,TOSHI
Urządzenia mobilne,URZAD,Tablet,TABLE,Toshiba,TOSHI
Urządzenia mobilne,URZAD,Smartwatch,SMAR2,Tracer,TRACE
Urządzenia mobilne,URZAD,Smartfon,SMAR1,Vivo,VIVOX
Urządzenia mobilne,URZAD,Smartwatch,SMAR2,Watchmark,WATCH
Urządzenia mobilne,URZAD,Smartwatch,SMAR2,Wenom,WENOM
Urządzenia mobilne,URZAD,Smartwatch,SMAR2,Withings,WITHI
Urządzenia mobilne,URZAD,Smartwatch,SMAR2,Xiaomi,XIAOM
Urządzenia mobilne,URZAD,Laptop,LAPTO,Xiaomi,XIAOM
Urządzenia mobilne,URZAD,Tablet,TABLE,Xiaomi,XIAOM
Urządzenia mobilne,URZAD,Smartfon,SMAR1,Xiaomi,XIAOM
Urządzenia mobilne,URZAD,Smartwatch,SMAR2,Zeblaze,ZEBLA
Urządzenia mobilne,URZAD,Smartwatch,SMAR2,Zee,ZEEXX
Urządzenia mobilne,URZAD,Smartfon,SMAR1,ZTE,ZTEXX
